count,display_value,query_value,url_key,url_path,logo
2473,"Tã, Bỉm",2551,ta-bim-cho-be,/ta-bim-cho-be/c2551,
3295,Dinh dưỡng cho bé,8339,dinh-duong-cho-be,/dinh-duong-cho-be/c8339,
208,Thực phẩm ăn dặm,6568,thuc-pham-an-dam,/thuc-pham-an-dam/c6568,
256,Dinh dưỡng cho mẹ,10416,dinh-duong-cho-me,/dinh-duong-cho-me/c10416,
424,Dinh dưỡng cho người lớn,10418,dinh-duong-cho-nguoi-lon,/dinh-duong-cho-nguoi-lon/c10418,
16141,Đồ dùng cho bé,11601,do-dung-cho-be,/do-dung-cho-be/c11601,
66938,Đồ chơi,5250,do-choi,/do-choi/c5250,
2763,"Chăm sóc mẹ mang thai, sau sinh",2640,cham-soc-me-mang-thai-sau-sinh,/cham-soc-me-mang-thai-sau-sinh/c2640,
28,Chuẩn bị mang thai,10570,chuan-bi-mang-thai,/chuan-bi-mang-thai/c10570,
14012,Chăm sóc nhà cửa,15078,cham-soc-nha-cua,/cham-soc-nha-cua/c15078,
78728,Thời Trang Cho Mẹ Và Bé,11603,thoi-trang-cho-me-va-be,/thoi-trang-cho-me-va-be/c11603,
617,Tã dán,2552,ta-dan,/ta-dan/c2552,
71,Miếng lót sơ sinh,10414,mieng-lot-so-sinh,/mieng-lot-so-sinh/c10414,
835,Tã quần,2553,ta-quan,/ta-quan/c2553,
126,Tã giấy,10415,ta-giay,/ta-giay/c10415,
92,Tã vải,2554,ta-vai,/ta-vai/c2554,
219,Tã bỉm dành cho người lớn,10417,ta-bim-danh-cho-nguoi-lon,/ta-bim-danh-cho-nguoi-lon/c10417,
513,Khăn giấy ướt cho bé,2555,khan-giay-uot-cho-be,/khan-giay-uot-cho-be/c2555,
1625,Sữa bột cho bé,2600,sua-bot-cho-be,/sua-bot-cho-be/c2600,
256,Sữa công thức pha sẵn,10419,sua-cong-thuc-pha-san,/sua-cong-thuc-pha-san/c10419,
679,Vitamins,10423,vitamins,/vitamins/c10423,
150,Bột ăn dặm,2606,bot-an-dam,/bot-an-dam/c2606,
20,Nước trái cây cho bé,10424,nuoc-trai-cay-cho-be,/nuoc-trai-cay-cho-be/c10424,
170,Bánh ăn dặm,6570,banh-an-dam,/banh-an-dam/c6570,
1,Bánh quy,10448,banh-quy,/banh-quy/c10448,
263,Thực phẩm chế biến sẵn,6571,thuc-pham-che-bien-san,/thuc-pham-che-bien-san/c6571,
34,Dầu ăn cho bé,6572,dau-an-cho-be,/dau-an-cho-be/c6572,
86,Trà và Thức uống cho bé,2609,tra-va-thuc-uong-cho-be,/tra-va-thuc-uong-cho-be/c2609,
4273,Đồ dùng ăn uống cho bé,2556,do-dung-an-uong-cho-be,/do-dung-an-uong-cho-be/c2556,
3898,Đồ dùng vệ sinh cho bé,2567,do-dung-ve-sinh-cho-be,/do-dung-ve-sinh-cho-be/c2567,
4439,Đồ dùng phòng ngủ cho bé,2585,do-dung-phong-ngu-cho-be,/do-dung-phong-ngu-cho-be/c2585,
1358,Đồ dùng bảo vệ bé,2584,do-dung-bao-ve-be,/do-dung-bao-ve-be/c2584,
584,Dụng cụ chăm sóc sức khỏe,2576,dung-cu-cham-soc-suc-khoe,/dung-cu-cham-soc-suc-khoe/c2576,
1588,Đồ dùng đi chơi,2593,do-dung-di-choi,/do-dung-di-choi/c2593,
9380,"Lắp ghép, Xếp hình",1948,lap-ghep-xep-hinh,/lap-ghep-xep-hinh/c1948,
920,Đồ chơi điều khiển,8469,do-choi-dieu-khien,/do-choi-dieu-khien/c8469,
8281,"Búp bê, Thú bông",1938,bup-be-thu-bong,/bup-be-thu-bong/c1938,
15329,Đồ chơi gỗ,2848,do-choi-go,/do-choi-go/c2848,
9226,Đồ chơi mô hình,4493,do-choi-mo-hinh,/do-choi-mo-hinh/c4493,
3451,Đồ chơi giáo dục,4506,do-choi-giao-duc,/do-choi-giao-duc/c4506,
2493,Đồ chơi thủ công,10523,do-choi-thu-cong,/do-choi-thu-cong/c10523,
6236,Đồ chơi vận động,4594,do-choi-van-dong,/do-choi-van-dong/c4594,
570,Đồ chơi nhạc cụ,4604,do-choi-nhac-cu,/do-choi-nhac-cu/c4604,
3034,Boardgame,4505,do-choi-board-games,/do-choi-board-games/c4505,
1415,Cờ,10445,co,/co/c10445,
289,"Bột nặn, Cát nặn",4500,bot-nan-to-mau,/bot-nan-to-mau/c4500,
2005,Lều thảm,4504,do-choi-leu-tham-cuon,/do-choi-leu-tham-cuon/c4504,
526,Đồ chơi sơ sinh,4601,do-choi-be-so-sinh,/do-choi-be-so-sinh/c4601,
742,Đồ chơi ảo thuật,10536,do-choi-ao-thuat,/do-choi-ao-thuat/c10536,
517,Trò chơi dân gian,10537,tro-choi-dan-gian,/tro-choi-dan-gian/c10537,
2532,Trò chơi trí tuệ,10538,tro-choi-tri-tue,/tro-choi-tri-tue/c10538,
22,Video games,10539,video-games,/video-games/c10539,
598,"Máy hút sữa, Túi trữ sữa",6580,may-hut-sua-tui-tru-sua,/may-hut-sua-tui-tru-sua/c6580,
40,Đai đỡ bụng bầu,10556,dai-do-bung-bau,/dai-do-bung-bau/c10556,
189,"Đai nịt bụng, Quần tạo dáng sau sinh",2654,dai-nit-bung-quan-tao-dang-sau-sinh,/dai-nit-bung-quan-tao-dang-sau-sinh/c2654,
253,"Dung dịch tắm gội, Chăm sóc da",2656,dung-dich-tam-goi-cham-soc-da,/dung-dich-tam-goi-cham-soc-da/c2656,
138,Phương pháp dân gian,10559,phuong-phap-dan-gian,/phuong-phap-dan-gian/c10559,
1536,Phụ kiện cho mẹ,6581,phu-kien-cho-me,/phu-kien-cho-me/c6581,
28,Que thử thai,10571,que-thu-thai,/que-thu-thai/c10571,
5392,Vệ sinh nhà cửa,4386,cham-soc-ve-sinh-nha-cua,/cham-soc-ve-sinh-nha-cua/c4386,
6660,Vệ sinh nhà bếp,4399,ve-sinh-bep-va-nha-bep,/ve-sinh-bep-va-nha-bep/c4399,
2949,Vệ sinh nhà tắm,4400,ve-sinh-nha-tam,/ve-sinh-nha-tam/c4400,
1033,Khăn giấy,4388,khan-giay-giay-da-nang,/khan-giay-giay-da-nang/c4388,
2665,Giặt giũ & Chăm sóc quần áo,4387,giat-giu-cham-soc-quan-ao,/giat-giu-cham-soc-quan-ao/c4387,
7959,Thời trang bầu,5191,thoi-trang-me-bau,/thoi-trang-me-bau/c5191,
6743,Thời trang sơ sinh,5188,thoi-trang-so-sinh,/thoi-trang-so-sinh/c5188,
26239,Thời trang bé gái,5189,thoi-trang-be-gai,/thoi-trang-be-gai/c5189,
17497,Thời trang bé trai,5190,thoi-trang-be-trai,/thoi-trang-be-trai/c5190,
20291,Phụ kiện cho bé,5192,phu-kien-cho-be,/phu-kien-cho-be/c5192,
1441,Trái Cây,44824,trai-cay,/tikingon/trai-cay/c44824,
2011,"Thịt, Trứng",54276,thit-trung,/tikingon/thit-trung/c54276,
2484,"Cá, thuỷ hải sản",54290,ca-thuy-hai-san,/tikingon/ca-thuy-hai-san/c54290,
2296,Rau củ quả,54302,rau-cu-qua,/tikingon/rau-cu-qua/c54302,
2310,Thực phẩm Việt,54316,thuc-pham-viet,/tikingon/thuc-pham-viet/c54316,
3545,"Sữa, bơ, phô mai",54330,sua-bo-pho-mai,/tikingon/sua-bo-pho-mai/c54330,
3372,"Đông lạnh, mát",54344,dong-lanh-mat,/tikingon/dong-lanh-mat/c54344,
4583,"Dầu ăn, gia vị",54362,dau-an-gia-vi,/tikingon/dau-an-gia-vi/c54362,
3512,"Gạo, mì, nông sản",54384,gao-mi-nong-san,/tikingon/gao-mi-nong-san/c54384,
1722,"Đồ hộp, đóng gói",54398,do-hop-dong-goi,/tikingon/do-hop-dong-goi/c54398,
5217,"Bia, đồ uống",54412,bia-do-uong,/tikingon/bia-do-uong/c54412,
142,Thực phẩm chay,54430,thuc-pham-chay,/tikingon/thuc-pham-chay/c54430,
874,Dành cho trẻ em,54438,danh-cho-tre-em,/tikingon/danh-cho-tre-em/c54438,
6660,"Bánh kẹo, giỏ quà",54452,banh-keo-gio-qua,/tikingon/banh-keo-gio-qua/c54452,
325,"Thức ăn, đồ thú cưng",54466,thuc-an-do-thu-cung,/tikingon/thuc-an-do-thu-cung/c54466,
5627,Chăm sóc cá nhân,54474,cham-soc-ca-nhan,/tikingon/cham-soc-ca-nhan/c54474,
2762,Chăm sóc nhà cửa,54500,cham-soc-nha-cua,/tikingon/cham-soc-nha-cua/c54500,
697,Trái Cây Nội Địa,44826,trai-cay-noi-dia,/tikingon/trai-cay-noi-dia/c44826,
744,Trái Cây Nhập Khẩu,44828,trai-cay-nhap-khau,/tikingon/trai-cay-nhap-khau/c44828,
596,"Thịt heo, lợn",54278,thit-heo-lon,/tikingon/thit-heo-lon/c54278,
602,"Thịt bò, bê",54280,thit-bo-be,/tikingon/thit-bo-be/c54280,
313,"Thịt gà, vịt, chim",54282,thit-ga-vit-chim,/tikingon/thit-ga-vit-chim/c54282,
161,Thịt đông lạnh,54284,thit-dong-lanh,/tikingon/thit-dong-lanh/c54284,
74,Các loại thịt khác,54286,cac-loai-thit-khac,/tikingon/cac-loai-thit-khac/c54286,
265,"Trứng gà, vịt, cút",54288,trung-ga-vit-cut,/tikingon/trung-ga-vit-cut/c54288,
230,"Tôm, cua, ghẹ, ốc",54292,tom-cua-ghe-oc,/tikingon/tom-cua-ghe-oc/c54292,
1297,"Cá, hải sản đông lạnh",54294,ca-hai-san-dong-lanh,/tikingon/ca-hai-san-dong-lanh/c54294,
286,"Cá khô, tôm, mực khô",54296,ca-kho-tom-muc-kho,/tikingon/ca-kho-tom-muc-kho/c54296,
275,Thủy hải sản chế biến,54298,thuy-hai-san-che-bien,/tikingon/thuy-hai-san-che-bien/c54298,
396,Thủy hải sản khác,54300,thuy-hai-san-khac,/tikingon/thuy-hai-san-khac/c54300,
871,"Rau xanh, rau tươi",54304,rau-xanh-rau-tuoi,/tikingon/rau-xanh-rau-tuoi/c54304,
685,"Củ, quả, măng tươi",54306,cu-qua-mang-tuoi,/tikingon/cu-qua-mang-tuoi/c54306,
263,"Hành, tỏi, ớt, rau thơm",54308,hanh-toi-ot-rau-thom,/tikingon/hanh-toi-ot-rau-thom/c54308,
338,"Nấm, hạt các loại",54310,nam-hat-cac-loai,/tikingon/nam-hat-cac-loai/c54310,
84,Combo rau củ,54312,combo-rau-cu,/tikingon/combo-rau-cu/c54312,
56,Nông sản tươi khác,54314,nong-san-tuoi-khac,/tikingon/nong-san-tuoi-khac/c54314,
84,"Bún, phở tươi, bánh mì",54318,bun-pho-tuoi-banh-mi,/tikingon/bun-pho-tuoi-banh-mi/c54318,
257,"Dưa muối, đồ chua, mắm",54320,dua-muoi-do-chua-mam,/tikingon/dua-muoi-do-chua-mam/c54320,
226,"Lạp xưởng, thịt khô, nem",54322,lap-xuong-thit-kho-nem,/tikingon/lap-xuong-thit-kho-nem/c54322,
164,"Xôi, chè, bánh các loại",54324,xoi-che-banh-cac-loai,/tikingon/xoi-che-banh-cac-loai/c54324,
191,"Đậu hũ, thực phẩm khác",54326,dau-hu-thuc-pham-khac,/tikingon/dau-hu-thuc-pham-khac/c54326,
190,Đặc sản vùng miền,54328,dac-san-vung-mien,/tikingon/dac-san-vung-mien/c54328,
1202,Đồ chế biến sẵn,44832,do-che-bien-san,/tikingon/do-che-bien-san/c44832,
1364,"Sữa tươi, sữa trái cây",54332,sua-tuoi-sua-trai-cay,/tikingon/sua-tuoi-sua-trai-cay/c54332,
433,"Sữa đậu nành, ngũ cốc",54334,sua-dau-nanh-ngu-coc,/tikingon/sua-dau-nanh-ngu-coc/c54334,
228,"Sữa đặc, sữa bột",54336,sua-dac-sua-bot,/tikingon/sua-dac-sua-bot/c54336,
1030,"Sữa chua, phô mai",54338,sua-chua-pho-mai,/tikingon/sua-chua-pho-mai/c54338,
329,"Kem cây, kem hộp",54340,kem-cay-kem-hop,/tikingon/kem-cay-kem-hop/c54340,
170,"Bơ, magarine",54342,bo-magarine,/tikingon/bo-magarine/c54342,
714,"Thịt, hải sản đông lạnh",54346,thit-hai-san-dong-lanh,/tikingon/thit-hai-san-dong-lanh/c54346,
132,Rau củ quả đông lạnh,54348,rau-cu-qua-dong-lanh,/tikingon/rau-cu-qua-dong-lanh/c54348,
678,"Xúc xích, pate, giò chả",54350,xuc-xich-pate-gio-cha,/tikingon/xuc-xich-pate-gio-cha/c54350,
283,"Pizza, mì, cơm đông lạnh",54352,pizza-mi-com-dong-lanh,/tikingon/pizza-mi-com-dong-lanh/c54352,
672,"Chả giò, cá, gà viên",54354,cha-gio-ca-ga-vien,/tikingon/cha-gio-ca-ga-vien/c54354,
754,"Bánh bao, há cảo, mandu",54356,banh-bao-ha-cao-mandu,/tikingon/banh-bao-ha-cao-mandu/c54356,
30,"Sandwich, mì, cơm ăn liền",54358,sandwich-mi-com-an-lien,/tikingon/sandwich-mi-com-an-lien/c54358,
109,Gói nguyên liệu nấu ăn,54360,goi-nguyen-lieu-nau-an,/tikingon/goi-nguyen-lieu-nau-an/c54360,
710,"Dầu ăn, dầu oliu",54364,dau-an-dau-oliu,/tikingon/dau-an-dau-oliu/c54364,
548,"Nước tương, nước mắm",54366,nuoc-tuong-nuoc-mam,/tikingon/nuoc-tuong-nuoc-mam/c54366,
465,"Tương ớt, cà, mù tạt",54368,tuong-ot-ca-mu-tat,/tikingon/tuong-ot-ca-mu-tat/c54368,
946,"Muối, hạt nêm, gia vị",54370,muoi-hat-nem-gia-vi,/tikingon/muoi-hat-nem-gia-vi/c54370,
245,"Đường cát, đường phèn",54372,duong-cat-duong-phen,/tikingon/duong-cat-duong-phen/c54372,
805,"Sốt tẩm ướp, sốt nêm",54374,sot-tam-uop-sot-nem,/tikingon/sot-tam-uop-sot-nem/c54374,
88,"Giấm, rượu nấu ăn",54376,giam-ruou-nau-an,/tikingon/giam-ruou-nau-an/c54376,
292,"Tiêu, ớt, hương liệu khô",54378,tieu-ot-huong-lieu-kho,/tikingon/tieu-ot-huong-lieu-kho/c54378,
165,Nguyên liệu làm bánh,54380,nguyen-lieu-lam-banh,/tikingon/nguyen-lieu-lam-banh/c54380,
319,Nguyên liệu nấu ăn khác,54382,nguyen-lieu-nau-an-khac,/tikingon/nguyen-lieu-nau-an-khac/c54382,
658,"Gạo, nếp, đậu",54386,gao-nep-dau,/tikingon/gao-nep-dau/c54386,
232,"Bột gạo, mì, bột chiên",54388,bot-gao-mi-bot-chien,/tikingon/bot-gao-mi-bot-chien/c54388,
1249,"Mì ăn liền, phở, cháo",54390,mi-an-lien-pho-chao,/tikingon/mi-an-lien-pho-chao/c54390,
1132,"Mì, bún khô, bánh tráng",54392,mi-bun-kho-banh-trang,/tikingon/mi-bun-kho-banh-trang/c54392,
117,"Rong biển, nấm, măng khô",54394,rong-bien-nam-mang-kho,/tikingon/rong-bien-nam-mang-kho/c54394,
124,Nông sản khô các loại,54396,nong-san-kho-cac-loai,/tikingon/nong-san-kho-cac-loai/c54396,
555,"Bia, cider",54414,bia-cider,/tikingon/bia-cider/c54414,
482,"Rượu vang, rượu trái cây",54416,ruou-vang-ruou-trai-cay,/tikingon/ruou-vang-ruou-trai-cay/c54416,
329,"Nước khoáng, nước suối",54418,nuoc-khoang-nuoc-suoi,/tikingon/nuoc-khoang-nuoc-suoi/c54418,
945,"Nước ngọt, có ga, tonic",54420,nuoc-ngot-co-ga-tonic,/tikingon/nuoc-ngot-co-ga-tonic/c54420,
69,"Siro, nguyên liệu pha chế",54422,siro-nguyen-lieu-pha-che,/tikingon/siro-nguyen-lieu-pha-che/c54422,
977,"Trà khô, trà đóng chai",54424,tra-kho-tra-dong-chai,/tikingon/tra-kho-tra-dong-chai/c54424,
847,"Cà phê hạt, đóng chai",54426,ca-phe-hat-dong-chai,/tikingon/ca-phe-hat-dong-chai/c54426,
748,"Nước trái cây, thể thao",54428,nuoc-trai-cay-the-thao,/tikingon/nuoc-trai-cay-the-thao/c54428,
267,"Rượu whisky, rượu mạnh",54672,ruou-whisky-ruou-manh,/tikingon/ruou-whisky-ruou-manh/c54672,
46,"Đồ chay khô, đóng hộp",54432,do-chay-kho-dong-hop,/tikingon/do-chay-kho-dong-hop/c54432,
82,Đồ chay đông lạnh,54434,do-chay-dong-lanh,/tikingon/do-chay-dong-lanh/c54434,
14,"Mì chay, gia vị chay",54436,mi-chay-gia-vi-chay,/tikingon/mi-chay-gia-vi-chay/c54436,
133,Sữa cho trẻ em,54440,sua-cho-tre-em,/tikingon/sua-cho-tre-em/c54440,
32,"Gia vị, bánh kẹo trẻ em",54442,gia-vi-banh-keo-tre-em,/tikingon/gia-vi-banh-keo-tre-em/c54442,
131,"Bột ăn dặm, cháo",54444,bot-an-dam-chao,/tikingon/bot-an-dam-chao/c54444,
30,Đồ uống trẻ em,54446,do-uong-tre-em,/tikingon/do-uong-tre-em/c54446,
320,"Khăn giấy ướt, tã bỉm",54448,khan-giay-uot-ta-bim,/tikingon/khan-giay-uot-ta-bim/c54448,
228,Đồ dùng trẻ em,54450,do-dung-tre-em,/tikingon/do-dung-tre-em/c54450,
2177,"Bánh quy, bánh ngọt",54454,banh-quy-banh-ngot,/tikingon/banh-quy-banh-ngot/c54454,
2725,"Socola, kẹo, ngũ cốc",54456,socola-keo-ngu-coc,/tikingon/socola-keo-ngu-coc/c54456,
587,"Củ quả sấy, mứt, ô mai",54458,cu-qua-say-mut-o-mai,/tikingon/cu-qua-say-mut-o-mai/c54458,
914,"Bim bim, snack, khoai tây",54460,bim-bim-snack-khoai-tay,/tikingon/bim-bim-snack-khoai-tay/c54460,
61,"Chà bông, thịt khô",54462,cha-bong-thit-kho,/tikingon/cha-bong-thit-kho/c54462,
196,"Giỏ quà, bánh theo mùa",54464,gio-qua-banh-theo-mua,/tikingon/gio-qua-banh-theo-mua/c54464,
986,"Kem đánh răng, bàn chải",54476,kem-danh-rang-ban-chai,/tikingon/kem-danh-rang-ban-chai/c54476,
1066,"Dầu gội, xả, dưỡng tóc",54478,dau-goi-xa-duong-toc,/tikingon/dau-goi-xa-duong-toc/c54478,
239,"Gel tạo kiểu, nhuộm tóc",54480,gel-tao-kieu-nhuom-toc,/tikingon/gel-tao-kieu-nhuom-toc/c54480,
665,"Sữa rửa mặt, dưỡng da",54482,sua-rua-mat-duong-da,/tikingon/sua-rua-mat-duong-da/c54482,
135,"Trang điểm, chống nắng",54484,trang-diem-chong-nang,/tikingon/trang-diem-chong-nang/c54484,
809,"Sữa tắm, xà bông tắm",54486,sua-tam-xa-bong-tam,/tikingon/sua-tam-xa-bong-tam/c54486,
80,"Khăn tắm, khăn mặt",54488,khan-tam-khan-mat,/tikingon/khan-tam-khan-mat/c54488,
645,Chăm sóc cơ thể,54490,cham-soc-co-the,/tikingon/cham-soc-co-the/c54490,
575,"Băng vệ sinh, dung dịch",54492,bang-ve-sinh-dung-dich,/tikingon/bang-ve-sinh-dung-dich/c54492,
96,"Dao, bọt cạo râu",54494,dao-bot-cao-rau,/tikingon/dao-bot-cao-rau/c54494,
31,"Bao cao su, gel bôi trơn",54496,bao-cao-su-gel-boi-tron,/tikingon/bao-cao-su-gel-boi-tron/c54496,
300,Bảo vệ sức khỏe,54498,bao-ve-suc-khoe,/tikingon/bao-ve-suc-khoe/c54498,
458,"Nước rửa chén, tẩy rửa",54502,nuoc-rua-chen-tay-rua,/tikingon/nuoc-rua-chen-tay-rua/c54502,
571,"Khăn giấy, giấy vệ sinh",54504,khan-giay-giay-ve-sinh,/tikingon/khan-giay-giay-ve-sinh/c54504,
1013,"Bột giặt, nước giặt, xả",54506,bot-giat-nuoc-giat-xa,/tikingon/bot-giat-nuoc-giat-xa/c54506,
296,"Diệt côn trùng, khử mùi",54508,diet-con-trung-khu-mui,/tikingon/diet-con-trung-khu-mui/c54508,
100,"Hoa tươi, hoa chậu",54510,hoa-tuoi-hoa-chau,/tikingon/hoa-tuoi-hoa-chau/c54510,
324,"Túi rác, cây lau sàn",54512,tui-rac-cay-lau-san,/tikingon/tui-rac-cay-lau-san/c54512,
688,Điện thoại Smartphone,1795,dien-thoai-smartphone,/dien-thoai-smartphone/c1795,
80,Máy tính bảng,1794,may-tinh-bang,/may-tinh-bang/c1794,
60,Máy đọc sách,28856,may-doc-sach,/may-doc-sach/c28856,
145,Điện thoại phổ thông,1796,dien-thoai-pho-thong,/dien-thoai-pho-thong/c1796,
122,Điện thoại bàn,8061,dien-thoai-ban,/dien-thoai-ban/c8061,
20569,Chăm sóc da mặt,1582,cham-soc-da-mat,/cham-soc-da-mat/c1582,
8956,Trang điểm ,1584,trang-diem,/trang-diem/c1584,
4474,Chăm sóc cá nhân,1594,cham-soc-ca-nhan,/cham-soc-ca-nhan/c1594,
7690,Chăm sóc cơ thể,1592,cham-soc-co-the,/cham-soc-co-the/c1592,
1,Dược mỹ phẩm,5874,duoc-my-pham,/duoc-my-pham/c5874,
5820,Sản phẩm thiên nhiên & Khác,5873,san-pham-thien-nhien-khac,/san-pham-thien-nhien-khac/c5873,
5099,Chăm sóc tóc và da đầu,1591,cham-soc-toc-da-dau,/cham-soc-toc-da-dau/c1591,
1970,Nước hoa,1595,nuoc-hoa,/nuoc-hoa/c1595,
25047,Dụng cụ làm đẹp,2306,dung-cu-lam-dep,/dung-cu-lam-dep/c2306,
12320,Máy Massage & Thiết bị chăm sóc sức khỏe,2307,may-massage-thiet-bi-cham-soc-suc-khoe,/may-massage-thiet-bi-cham-soc-suc-khoe/c2307,
10345,Thực phẩm chức năng,2322,thuc-pham-chuc-nang,/thuc-pham-chuc-nang/c2322,
1710,Hỗ trợ tình dục,8142,ho-tro-tinh-duc,/ho-tro-tinh-duc/c8142,
6,Bộ sản phẩm làm đẹp,8161,bo-san-pham-lam-dep,/bo-san-pham-lam-dep/c8161,
3062,Mặt nạ,1601,mat-na-cac-loai,/mat-na-cac-loai/c1601,
319,Xịt khoáng ,5872,xit-khoang,/xit-khoang/c5872,
450,Chăm sóc vùng da mắt,3424,cham-soc-vung-da-mat,/cham-soc-vung-da-mat/c3424,
11,Trang điểm,11727,trang-diem,/trang-diem/c11727,
1205,"Nước hoa hồng, toner",2347,nuoc-hoa-hong-toner,/nuoc-hoa-hong-toner/c2347,
1149,Kem chống nắng,3422,kem-chong-nang,/kem-chong-nang/c3422,
1268,Sản phẩm trị mụn,3426,san-pham-tri-mun,/san-pham-tri-mun/c3426,
3546,Kem và sữa dưỡng da,17170,kem-va-sua-duong-da,/kem-va-sua-duong-da/c17170,
346,Sản phẩm chăm sóc da mặt khác,17174,san-pham-cham-soc-da-mat-khac,/san-pham-cham-soc-da-mat-khac/c17174,
3108,Serum,53350,serum,/serum/c53350,
1189,Bộ chăm sóc da mặt,8227,bo-cham-soc-da-mat,/bo-cham-soc-da-mat/c8227,
2618,Sữa rửa mặt,1583,sua-rua-mat,/sua-rua-mat/c1583,
550,Tẩy tế bào chết,8206,tay-te-bao-chet,/tay-te-bao-chet/c8206,
1366,Tẩy trang,11605,tay-trang,/tay-trang/c11605,
382,Chống lão hóa da,5893,chong-lao-hoa-da,/chong-lao-hoa-da/c5893,
6061,Dụng cụ trang điểm,1589,dung-cu-trang-diem,/dung-cu-trang-diem/c1589,
918,Trang điểm mặt,1585,trang-diem-mat,/trang-diem-mat/c1585,
645,Trang điểm mắt,1586,trang-diem-mat,/trang-diem-mat/c1586,
1295,Son & Trang điểm môi,1587,son-trang-diem-moi,/son-trang-diem-moi/c1587,
28,Bộ trang điểm,8228,bo-trang-diem,/bo-trang-diem/c8228,
2305,Chăm sóc răng miệng,1625,cham-soc-rang-mieng,/cham-soc-rang-mieng/c1625,
703,Dung dịch vệ sinh,1752,dung-dich-ve-sinh,/dung-dich-ve-sinh/c1752,
14,Sản phẩm chăm sóc cá nhân,8176,san-pham-cham-soc-ca-nhan,/san-pham-cham-soc-ca-nhan/c8176,
641,Sản phẩm chăm sóc cá nhân khác,17186,san-pham-cham-soc-ca-nhan-khac,/san-pham-cham-soc-ca-nhan-khac/c17186,
48,Bọt cạo râu,1728,bot-cao-rau,/bot-cao-rau/c1728,
687,Băng vệ sinh,8300,bang-ve-sinh,/bang-ve-sinh/c8300,
78,Khăn giấy ướt,4408,khan-giay-uot,/khan-giay-uot/c4408,
153,Bộ chăm sóc toàn thân,11757,bo-cham-soc-toan-than,/bo-cham-soc-toan-than/c11757,
20,Chăm sóc ngực,8218,cham-soc-nguc,/cham-soc-nguc/c8218,
1247,Dưỡng Thể,1610,duong-the,/duong-the/c1610,
142,Kem tan mỡ,11755,kem-tan-mo,/kem-tan-mo/c11755,
151,Massage toàn thân,11733,massage-toan-than,/massage-toan-than/c11733,
697,Sản phẩm khử mùi,1617,san-pham-khu-mui,/san-pham-khu-mui/c1617,
135,Sản phẩm tẩy lông,3449,san-pham-tay-long,/san-pham-tay-long/c3449,
2441,"Sữa tắm, xà bông, muối tắm",8212,sua-tam-xa-bong-muoi-tam,/sua-tam-xa-bong-muoi-tam/c8212,
456,Sản phẩm chống nắng,1615,san-pham-chong-nang,/san-pham-chong-nang/c1615,
420,"Tẩy tế bào chết, massage",1619,tay-te-bao-chet-massage,/tay-te-bao-chet-massage/c1619,
108,Trị rạn nứt da,11753,tri-ran-nut-da,/tri-ran-nut-da/c11753,
676,Sản phẩm sạch khuẩn,8308,san-pham-sach-khuan,/san-pham-sach-khuan/c8308,
539,Sản phẩm chăm sóc cơ thể khác,8309,san-pham-cham-soc-co-the-khac,/san-pham-cham-soc-co-the-khac/c8309,
307,"Sản phẩm dưỡng tay, chân",5900,san-pham-duong-tay-chan,/san-pham-duong-tay-chan/c5900,
190,Bộ chăm sóc cơ thể,8226,bo-cham-soc-co-the,/bo-cham-soc-co-the/c8226,
9,Bộ chăm sóc tóc và da đầu,8229,bo-cham-soc-toc-va-da-dau,/bo-cham-soc-toc-va-da-dau/c8229,
3306,Tinh dầu,8602,tinh-dau,/tinh-dau/c8602,
704,Nến thơm,8224,nen-thom,/nen-thom/c8224,
216,Sản phẩm thiên nhiên làm đẹp,11868,san-pham-thien-nhien-lam-dep,/san-pham-thien-nhien-lam-dep/c11868,
1502,Đèn xông,8225,den-xong,/den-xong/c8225,
2906,"Dầu gội, dầu xả",8222,dau-goi-dau-xa,/dau-goi-dau-xa/c8222,
333,Tạo kiểu tóc,1620,tao-kieu-toc,/tao-kieu-toc/c1620,
531,Thuốc nhuộm tóc,1623,thuoc-nhuom,/thuoc-nhuom/c1623,
48,"Thuốc duỗi, uốn",11815,thuoc-duoi-uon,/thuoc-duoi-uon/c11815,
1021,"Dưỡng tóc, ủ tóc",7065,duong-toc-u-toc,/duong-toc-u-toc/c7065,
256,Bộ chăm sóc tóc,7061,bo-cham-soc-toc,/bo-cham-soc-toc/c7061,
1326,Nước hoa nữ,1636,nuoc-hoa-nu,/nuoc-hoa-nu/c1636,
644,Nước hoa nam,1637,nuoc-hoa-nam,/nuoc-hoa-nam/c1637,
4480,Dụng cụ làm đẹp khác,8167,dung-cu-lam-dep-khac,/dung-cu-lam-dep-khac/c8167,
4831,Dụng cụ tạo kiểu tóc,8166,dung-cu-tao-kieu-toc,/dung-cu-tao-kieu-toc/c8166,
579,Dụng cụ tẩy lông,8165,dung-cu-tay-long,/dung-cu-tay-long/c8165,
2429,Massage thư giãn và làm đẹp,8164,massage-thu-gian-va-lam-dep,/massage-thu-gian-va-lam-dep/c8164,
391,Máy xông da mặt,11937,may-xong-da-mat,/may-xong-da-mat/c11937,
299,Sản phẩm định hình,11939,san-pham-dinh-hinh,/san-pham-dinh-hinh/c11939,
3620,Dao - Máy cạo râu & Hớt tóc,1634,dao-may-cao-rau-hot-toc,/dao-may-cao-rau-hot-toc/c1634,
578,Máy & Dụng cụ rửa mặt ,5905,may-dung-cu-rua-mat,/may-dung-cu-rua-mat/c5905,
170,Máy hút mụn,11689,may-hut-mun,/may-hut-mun/c11689,
7672,Chăm sóc móng,1590,cham-soc-mong,/cham-soc-mong/c1590,
1210,Cân sức khỏe,8170,can-suc-khoe,/can-suc-khoe/c8170,
1180,Dụng cụ theo dõi sức khỏe,11903,dung-cu-theo-doi-suc-khoe,/dung-cu-theo-doi-suc-khoe/c11903,
4453,Máy massage toàn thân,2340,may-massage,/may-massage/c2340,
524,Nhiệt kế,8171,nhiet-ke,/nhiet-ke/c8171,
198,Máy xông mũi họng,11925,may-xong-mui-hong,/may-xong-mui-hong/c11925,
42,Que thử thai,11921,que-thu-thai,/que-thu-thai/c11921,
957,Thiết Bị Y Tế,2342,thiet-bi-y-te,/thiet-bi-y-te/c2342,
1143,Thiết bị khác,8172,thiet-bi-khac,/thiet-bi-khac/c8172,
802,Túi chườm,11923,tui-chuom,/tui-chuom/c11923,
78,Dụng cụ sơ cứu,11929,dung-cu-so-cuu,/dung-cu-so-cuu/c11929,
117,Vớ ngăn giãn tĩnh mạch,11931,vo-ngan-gian-tinh-mach,/vo-ngan-gian-tinh-mach/c11931,
122,Băng keo cá nhân,1633,bang-keo-ca-nhan,/bang-keo-ca-nhan/c1633,
1489,Khẩu trang y tế,8305,khau-trang-y-te,/khau-trang-y-te/c8305,
14,Chăm sóc mắt,2162,cham-soc-mat,/cham-soc-mat/c2162,
1413,Thực phẩm chức năng làm đẹp,2826,thuc-pham-cho-sac-sep,/thuc-pham-cho-sac-sep/c2826,
6602,Thực phẩm chức năng sức khỏe,2825,thuc-pham-chuc-nang-vitamin,/thuc-pham-chuc-nang-vitamin/c2825,
1599,Thực phẩm chức năng thiên nhiên,2827,san-pham-thao-moc-thuc-uong,/san-pham-thao-moc-thuc-uong/c2827,
481,Kiểm soát cân nặng,11891,kiem-soat-can-nang,/kiem-soat-can-nang/c11891,
1420,Bao cao su,1630,bao-cao-su,/bao-cao-su/c1630,
290,Gel bôi trơn,1631,gel-boi-tron,/gel-boi-tron/c1631,
23655,Đồ dùng nhà bếp,1884,do-dung-nha-bep,/do-dung-nha-bep/c1884,
18900,Thiết bị gia đình,1946,thiet-bi-gia-dinh,/thiet-bi-gia-dinh/c1946,
5147,Nồi điện các loại,1892,noi-dien-cac-loai,/noi-dien-cac-loai/c1892,
4820,Bếp các loại,1885,bep-cac-loai,/bep-cac-loai/c1885,
1480,"Máy hút khói, khử mùi",4875,may-hut-khoi-khu-mui,/may-hut-khoi-khu-mui/c4875,
380,Lò vi sóng,2022,lo-vi-song,/lo-vi-song/c2022,
668,Lò nướng điện,2023,lo-nuong-dien,/lo-nuong-dien/c2023,
242,Vỉ nướng điện,2044,vi-nuong,/vi-nuong/c2044,
4278,"Máy xay, máy ép",2024,may-xay-may-ep,/may-xay-may-ep/c2024,
1448,Bình đun siêu tốc,1931,binh-dun-sieu-toc,/binh-dun-sieu-toc/c1931,
221,Bình thủy điện,1932,binh-thuy-dien,/binh-thuy-dien/c1932,
991,Máy pha cà phê,1939,may-pha-ca-phe,/may-pha-ca-phe/c1939,
66,Máy làm kem,8082,may-lam-kem,/may-lam-kem/c8082,
273,Máy làm sữa đậu nành,2025,may-lam-sua-dau-nanh,/may-lam-sua-dau-nanh/c2025,
61,Máy làm sữa chua,2026,may-lam-sua-chua,/may-lam-sua-chua/c2026,
25,Máy làm mì sợi,5363,may-lam-mi-soi,/may-lam-mi-soi/c5363,
342,Máy làm bánh,2315,may-lam-banh,/may-lam-banh/c2315,
181,Siêu sắc thuốc,1942,sieu-sac-thuoc,/sieu-sac-thuoc/c1942,
61,Máy làm tỏi đen,7239,may-lam-toi-den,/may-lam-toi-den/c7239,
164,Máy sấy chén,23818,may-say-chen,/may-say-chen/c23818,
96,Máy sấy thực phẩm,23820,may-say-thuc-pham,/may-say-thuc-pham/c23820,
345,Máy hút chân không,23822,may-hut-chan-khong,/may-hut-chan-khong/c23822,
279,Máy hàn miệng túi,23824,may-han-mieng-tui,/may-han-mieng-tui/c23824,
57,Máy cắt thịt đông lạnh,23826,may-cat-thit-dong-lanh,/may-cat-thit-dong-lanh/c23826,
1376,Đồ dùng nhà bếp khác,8728,do-dung-nha-bep-khac,/do-dung-nha-bep-khac/c8728,
647,Máy đánh trứng,2108,may-danh-trung,/may-danh-trung/c2108,
856,"Bàn ủi, bàn là",1993,ban-ui-ban-la,/ban-ui-ban-la/c1993,
1699,"Máy may, thêu, vắt sổ",1997,may-may-theu-vat-so,/may-may-theu-vat-so/c1997,
6332,Quạt điện,2001,quat-dien,/quat-dien/c2001,
2896,Máy hút bụi,2009,may-hut-bui,/may-hut-bui/c2009,
279,Cây Nước Nóng Lạnh,4876,cay-nuoc-nong-lanh,/cay-nuoc-nong-lanh/c4876,
1271,Máy lọc không khí,2010,may-loc-khong-khi,/may-loc-khong-khi/c2010,
732,Máy tạo ẩm,5614,may-tao-am,/may-tao-am/c5614,
159,Máy hút ẩm,5585,may-hut-am,/may-hut-am/c5585,
3644,Máy lọc nước,5010,may-loc-nuoc,/may-loc-nuoc/c5010,
167,Máy sấy quần áo,5976,may-say-quan-ao,/may-say-quan-ao/c5976,
63,Máy sấy tay,5977,may-say-tay,/may-say-tay/c5977,
802,Thiết bị sưởi ấm,6510,thiet-bi-suoi-am,/thiet-bi-suoi-am/c6510,
54363,Áo nữ,1698,ao-nu,/ao-nu/c1698,
42036,Đầm nữ,941,dam-vay-lien,/dam-vay-lien/c941,
7607,Chân váy,5404,chan-vay-nu,/chan-vay-nu/c5404,
19424,Quần nữ,27600,quan-nu,/quan-nu/c27600,
25572,Áo khoác nữ,936,ao-khoac-nu,/ao-khoac-nu/c936,
22605,Áo liền quần - Bộ trang phục,1702,ao-lien-quan-bo-trang-phuc,/ao-lien-quan-bo-trang-phuc/c1702,
6837,Đồ đôi - Đồ gia đình,4553,do-doi-do-gia-dinh,/do-doi-do-gia-dinh/c4553,
3781,Thời trang bầu và sau sinh,49372,thoi-trang-bau-va-sau-sinh,/thoi-trang-bau-va-sau-sinh/c49372,
2030,Thời trang trung niên,49384,thoi-trang-trung-nien,/thoi-trang-trung-nien/c49384,
23082,Đồ lót nữ,4554,do-lot-nu,/do-lot-nu/c4554,
18200,Đồ ngủ - Đồ mặc nhà nữ,1508,do-ngu-do-mac-nha-nu,/do-ngu-do-mac-nha-nu/c1508,
5211,Trang phục bơi nữ,6179,trang-phuc-boi-nu,/trang-phuc-boi-nu/c6179,
30607,Áo thun nữ,933,ao-thun-nu,/ao-thun-nu/c933,
9767,Áo sơ mi nữ,934,ao-so-mi-nu,/ao-so-mi-nu/c934,
7859,Áo kiểu,935,ao-kieu,/ao-kieu/c935,
3695,Áo crop-top,10389,ao-crop-top,/ao-crop-top/c10389,
2447,Áo hai dây - Áo ba lỗ nữ,10388,ao-hai-day-ao-ba-lo-nu,/ao-hai-day-ao-ba-lo-nu/c10388,
18218,Đầm Dáng Xòe,27582,dam-dang-xoe,/dam-dang-xoe/c27582,
7614,Đầm dáng ôm,27580,dam-dang-om,/dam-dang-om/c27580,
11378,Đầm suông,27584,dam-suong,/dam-suong/c27584,
738,Đầm công sở,5344,dam-cong-so-nu,/dam-cong-so-nu/c5344,
2741,Đầm dự tiệc,5346,dam-du-tiec,/dam-du-tiec/c5346,
1342,Đầm maxi,5345,dam-maxi,/dam-maxi/c5345,
3174,Chân váy dài,5407,chan-vay-dai,/chan-vay-dai/c5407,
3136,Chân váy ngắn,5406,chan-vay-ngan-nu,/chan-vay-ngan-nu/c5406,
292,Chân váy xếp li,5408,chan-vay-xep-li,/chan-vay-xep-li/c5408,
239,Chân váy bút chì,49288,chan-vay-but-chi,/chan-vay-but-chi/c49288,
567,Chân váy chữ A,49290,chan-vay-chu-a,/chan-vay-chu-a/c49290,
216,Chân váy công sở,5405,chan-vay-cong-so-nu,/chan-vay-cong-so-nu/c5405,
5210,Quần jean nữ,1701,quan-jean-nu,/quan-jean-nu/c1701,
4375,Quần shorts nữ,939,quan-sooc,/quan-sooc/c939,
3213,Quần tây nữ,938,thoi-trang-nu-quan-dai,/thoi-trang-nu-quan-dai/c938,
2691,Quần ống rộng nữ,49346,quan-ong-rong-nu,/quan-ong-rong-nu/c49346,
1735,Quần baggy nữ,49348,quan-baggy-nu,/quan-baggy-nu/c49348,
2100,Quần legging - tregging nữ,1716,quan-legging-tregging-nu,/quan-legging-tregging-nu/c1716,
110,Quần yếm,49350,quan-yem,/quan-yem/c49350,
2688,Áo cardigan nữ,27594,ao-cardigan-nu,/ao-cardigan-nu/c27594,
2382,"Áo vest, blazer nữ",27588,ao-vest-blazer-nu,/ao-vest-blazer-nu/c27588,
9974,Áo thun - Áo khoác nỉ nữ,27598,ao-thun-ao-khoac-ni-nu,/ao-thun-ao-khoac-ni-nu/c27598,
634,Áo khoác jeans nữ,49352,ao-khoac-jeans-nu,/ao-khoac-jeans-nu/c49352,
2563,Áo khoác dạ nữ,27596,ao-khoac-da-nu,/ao-khoac-da-nu/c27596,
2551,Áo khoác chống nắng nữ,49354,ao-khoac-chong-nang-nu,/ao-khoac-chong-nang-nu/c49354,
2690,Áo khoác phao nữ,49356,ao-khoac-phao-nu,/ao-khoac-phao-nu/c49356,
124,Áo khoác da nữ,49358,ao-khoac-da-nu,/ao-khoac-da-nu/c49358,
1716,Áo khoác bomber jackets,49360,ao-khoac-bomber-jackets,/ao-khoac-bomber-jackets/c49360,
8664,Áo liền quần,49362,ao-lien-quan,/ao-lien-quan/c49362,
9811,Bộ trang phục,49364,bo-trang-phuc,/bo-trang-phuc/c49364,
4069,Áo dài,10385,ao-dai,/ao-dai/c10385,
1298,Đồ gia đình,49366,do-gia-dinh,/do-gia-dinh/c49366,
5419,Áo đôi,49368,ao-doi,/ao-doi/c49368,
120,Quần đôi,49370,quan-doi,/quan-doi/c49370,
2170,Đầm bầu,49374,dam-bau,/dam-bau/c49374,
380,Áo bầu,49376,ao-bau,/ao-bau/c49376,
480,Quần bầu,49378,quan-bau,/quan-bau/c49378,
519,Bộ đồ bầu,49380,bo-do-bau,/bo-do-bau/c49380,
233,Đồ lót bầu,49382,do-lot-bau,/do-lot-bau/c49382,
7129,Áo ngực,1509,ao-nguc,/ao-nguc/c1509,
13503,Quần lót nữ,1510,quan-lot,/quan-lot/c1510,
325,Nịt bụng,8347,nit-bung,/nit-bung/c8347,
2133,Bộ đồ lót nữ,8344,bo-do-lot-nu,/bo-do-lot-nu/c8344,
10832,Đồ ngủ nữ,8346,do-ngu-nu,/do-ngu-nu/c8346,
6852,Đồ mặc nhà,49432,do-mac-nha,/do-mac-nha/c49432,
1171,Bikini,49442,bikini,/bikini/c49442,
1486,Đồ bơi một mảnh,27576,do-boi-mot-manh,/do-boi-mot-manh/c27576,
2563,Đồ bơi hai mảnh,27578,do-boi-hai-manh,/do-boi-hai-manh/c27578,
36916,Áo thun nam,917,ao-thun-nam,/ao-thun-nam/c917,
9898,Áo sơ mi nam,918,ao-so-mi-nam,/ao-so-mi-nam/c918,
10466,Áo vest - Áo khoác nam,925,ao-vest-ao-khoac-nam,/ao-vest-ao-khoac-nam/c925,
4350,Áo hoodie nam,10382,ao-hoodie-nam,/ao-hoodie-nam/c10382,
1497,Áo nỉ - Áo len nam,4546,ao-ni-ao-len-nam,/ao-ni-ao-len-nam/c4546,
14542,Quần nam,27562,quan-nam,/quan-nam/c27562,
2896,"Đồ ngủ, đồ mặc nhà nam",27570,do-ngu-do-mac-nha-nam,/do-ngu-do-mac-nha-nam/c27570,
1156,Đồ đôi - Đồ gia đình nam,49516,do-doi-do-gia-dinh-nam,/do-doi-do-gia-dinh-nam/c49516,
4604,Đồ lót nam,27548,do-lot-nam,/do-lot-nam/c27548,
305,Quần áo nam kích cỡ lớn,49524,quan-ao-nam-kich-co-lon,/quan-ao-nam-kich-co-lon/c49524,
255,Quần áo nam trung niên,49532,quan-ao-nam-trung-nien,/quan-ao-nam-trung-nien/c49532,
543,Đồ bơi - Đồ đi biển nam,16004,do-boi-do-di-bien-nam,/do-boi-do-di-bien-nam/c16004,
6551,Áo thun nam ngắn tay có cổ,5333,ao-thun-nam-ngan-tay-co-co,/ao-thun-nam-ngan-tay-co-co/c5333,
25472,Áo thun nam ngắn tay không cổ,1685,ao-thun-nam-ngan-tay-khong-co,/ao-thun-nam-ngan-tay-khong-co/c1685,
806,Áo thun nam ba lỗ,10378,ao-thun-nam-ba-lo,/ao-thun-nam-ba-lo/c10378,
1417,Áo thun nam dài tay,8336,ao-thun-nam-dai-tay,/ao-thun-nam-dai-tay/c8336,
6363,Áo sơ mi nam tay dài,10379,ao-so-mi-nam-tay-dai,/ao-so-mi-nam-tay-dai/c10379,
3352,Áo sơ mi nam tay ngắn,10380,ao-so-mi-nam-tay-ngan,/ao-so-mi-nam-tay-ngan/c10380,
184,Áo sơ mi nam cổ tàu,49444,ao-so-mi-nam-co-tau,/ao-so-mi-nam-co-tau/c49444,
349,Áo khoác phao nam,10381,ao-khoac-phao-nam,/ao-khoac-phao-nam/c10381,
248,Áo khoác da nam,49456,ao-khoac-da-nam,/ao-khoac-da-nam/c49456,
4054,Áo khoác gió,49458,ao-khoac-gio,/ao-khoac-gio/c49458,
2020,Áo khoác nỉ,49460,ao-khoac-ni,/ao-khoac-ni/c49460,
1268,Áo khoác bomber nam,49464,ao-khoac-bomber-nam,/ao-khoac-bomber-nam/c49464,
613,Áo khoác jeans nam,49508,ao-khoac-jeans-nam,/ao-khoac-jeans-nam/c49508,
212,Áo cardigan nam,27552,ao-cardigan-nam,/ao-cardigan-nam/c27552,
830,Bộ vest nam,27566,bo-vest-nam,/bo-vest-nam/c27566,
42,Áo hoodies nam vải da cá,49510,ao-hoodies-nam-vai-da-ca,/ao-hoodies-nam-vai-da-ca/c49510,
2906,Áo hoodies nam vải nỉ,49512,ao-hoodies-nam-vai-ni,/ao-hoodies-nam-vai-ni/c49512,
1312,Áo hoodies nam vải cotton,49514,ao-hoodies-nam-vai-cotton,/ao-hoodies-nam-vai-cotton/c49514,
917,Áo len dệt kim,27554,ao-len-det-kim,/ao-len-det-kim/c27554,
579,Áo nỉ nam,22900,ao-ni-nam,/ao-ni-nam/c22900,
1080,Đồ mặc nhà nam - Bộ dài,2269,do-mac-nha-nam-bo-dai,/do-mac-nha-nam-bo-dai/c2269,
1606,Đồ mặc nhà nam - Bộ ngắn,4555,do-mac-nha-nam-bo-ngan,/do-mac-nha-nam-bo-ngan/c4555,
304,Áo đôi,49518,ao-doi,/ao-doi/c49518,
17,Quần đôi,49520,quan-doi,/quan-doi/c49520,
836,Áo gia đình,49522,ao-gia-dinh,/ao-gia-dinh/c49522,
3961,Quần lót nam,4556,quan-lot-nam,/quan-lot-nam/c4556,
643,Bộ đồ lót nam,4557,bo-do-lot-nam,/bo-do-lot-nam/c4557,
198,Áo nam kích cỡ lớn,49526,ao-nam-kich-co-lon,/ao-nam-kich-co-lon/c49526,
50,Quần nam kích cỡ lớn,49528,quan-nam-kich-co-lon,/quan-nam-kich-co-lon/c49528,
57,Bộ quần áo nam kích cỡ lớn,49530,bo-quan-ao-nam-kich-co-lon,/bo-quan-ao-nam-kich-co-lon/c49530,
178,Áo nam trung niên,49534,ao-nam-trung-nien,/ao-nam-trung-nien/c49534,
77,Quần nam trung niên,49536,quan-nam-trung-nien,/quan-nam-trung-nien/c49536,
47,Áo bơi - đi biển nam,49538,ao-boi-di-bien-nam,/ao-boi-di-bien-nam/c49538,
427,Quần bơi - đi biển nam,49540,quan-boi-di-bien-nam,/quan-boi-di-bien-nam/c49540,
7477,Giày cao gót,8355,giay-cao-got,/giay-cao-got/c8355,
3711,Giày thể thao nữ,27604,giay-the-thao-nu,/giay-the-thao-nu/c27604,
2233,Giày sandals nữ,4550,giay-sandals-nu,/giay-sandals-nu/c4550,
2109,Giày búp bê,1192,giay-bup-be,/giay-bup-be/c1192,
1278,Giày Đế xuồng nữ ,1008,giay-de-xuong-nu,/giay-de-xuong-nu/c1008,
1351,Giày boots nữ,981,giay-boots-nu,/giay-boots-nu/c981,
6515,Dép - Guốc nữ,984,dep-guoc-nu,/dep-guoc-nu/c984,
1582,Giày lười nữ,4551,giay-luoi-nu,/giay-luoi-nu/c4551,
2899,Phụ kiện giày,8357,phu-kien-giay,/phu-kien-giay/c8357,
2180,Giày cao gót nhọn,49542,giay-cao-got-nhon,/giay-cao-got-nhon/c49542,
353,Giày cao gót quai sau,49544,giay-cao-got-quai-sau,/giay-cao-got-quai-sau/c49544,
1672,Giày bít mũi quai ngang,49546,giay-bit-mui-quai-ngang,/giay-bit-mui-quai-ngang/c49546,
2923,Giày cao gót hở mũi,49548,giay-cao-got-ho-mui,/giay-cao-got-ho-mui/c49548,
307,Giày cao gót sục,49550,giay-cao-got-suc,/giay-cao-got-suc/c49550,
3147,Giày thể thao cổ thấp,49552,giay-the-thao-co-thap,/giay-the-thao-co-thap/c49552,
512,Giày thể thao cổ cao,49554,giay-the-thao-co-cao,/giay-the-thao-co-cao/c49554,
1736,Giày sandals đế bằng,49556,giay-sandals-de-bang,/giay-sandals-de-bang/c49556,
106,Giày sandals chiến binh,49558,giay-sandals-chien-binh,/giay-sandals-chien-binh/c49558,
77,Giày sandals buộc dây,49560,giay-sandals-buoc-day,/giay-sandals-buoc-day/c49560,
282,Giày sandals xỏ ngón,49562,giay-sandals-xo-ngon,/giay-sandals-xo-ngon/c49562,
409,Giày búp bê mũi nhọn,49564,giay-bup-be-mui-nhon,/giay-bup-be-mui-nhon/c49564,
1602,Giày búp bê mũi tròn,49566,giay-bup-be-mui-tron,/giay-bup-be-mui-tron/c49566,
83,Giày búp bê mũi vuông,49568,giay-bup-be-mui-vuong,/giay-bup-be-mui-vuong/c49568,
987,Giày boots nữ cổ ngắn,49570,giay-boots-nu-co-ngan,/giay-boots-nu-co-ngan/c49570,
328,Giày boots nữ cổ cao,49572,giay-boots-nu-co-cao,/giay-boots-nu-co-cao/c49572,
24,Giày boots nữ gót nhọn,49574,giay-boots-nu-got-nhon,/giay-boots-nu-got-nhon/c49574,
1189,Dép xỏ ngón,49576,dep-xo-ngon,/dep-xo-ngon/c49576,
3825,Dép quai ngang,49578,dep-quai-ngang,/dep-quai-ngang/c49578,
1394,Dép đi trong nhà,49580,dep-di-trong-nha,/dep-di-trong-nha/c49580,
66,Giày lười cao gót,49582,giay-luoi-cao-got,/giay-luoi-cao-got/c49582,
462,Giày lười hở gót,49584,giay-luoi-ho-got,/giay-luoi-ho-got/c49584,
192,Giày lười mũi vuông,49586,giay-luoi-mui-vuong,/giay-luoi-mui-vuong/c49586,
848,Giày lười mũi nhọn,49588,giay-luoi-mui-nhon,/giay-luoi-mui-nhon/c49588,
1268,Miếng lót giày,49590,mieng-lot-giay,/mieng-lot-giay/c49590,
522,Vệ sinh giày,49592,ve-sinh-giay,/ve-sinh-giay/c49592,
1069,Phụ kiện cho giày,49594,phu-kien-cho-giay,/phu-kien-cho-giay/c49594,
3018,Túi tote nữ,4559,tui-deo-vai-nu,/tui-deo-vai-nu/c4559,
9923,"Túi đeo chéo, túi đeo vai nữ",4558,tui-deo-cheo-tui-deo-vai-nu,/tui-deo-cheo-tui-deo-vai-nu/c4558,
4441,Túi xách tay nữ,4560,tui-cam-tay-nu,/tui-cam-tay-nu/c4560,
4697,Ví nữ,4561,vi-bop-nu,/vi-bop-nu/c4561,
729,Phụ kiện túi,8352,phu-kien-tui,/phu-kien-tui/c8352,
1138,Túi tote có khóa,49608,tui-tote-co-khoa,/tui-tote-co-khoa/c49608,
1810,Túi tote không khóa,49610,tui-tote-khong-khoa,/tui-tote-khong-khoa/c49610,
832,Túi đeo chéo công sở,49596,tui-deo-cheo-cong-so,/tui-deo-cheo-cong-so/c49596,
8996,Túi đeo chéo dạo phố,49598,tui-deo-cheo-dao-pho,/tui-deo-cheo-dao-pho/c49598,
767,Túi xách to bản,49600,tui-xach-to-ban,/tui-xach-to-ban/c49600,
3629,Túi xách vừa và nhỏ,49602,tui-xach-vua-va-nho,/tui-xach-vua-va-nho/c49602,
1759,Ví ngắn,49604,vi-ngan,/vi-ngan/c49604,
2872,Ví dài,49606,vi-dai,/vi-dai/c49606,
52,"Dây, quai đeo túi",49616,day-quai-deo-tui,/day-quai-deo-tui/c49616,
674,Phụ kiện cài túi,49618,phu-kien-cai-tui,/phu-kien-cai-tui/c49618,
5180,Giày thể thao nam,27572,giay-the-thao-nam,/giay-the-thao-nam/c27572,
5541,Giày lười nam,5340,giay-luoi-nam,/giay-luoi-nam/c5340,
4385,Giày tây nam,1581,giay-tay-cong-so,/giay-tay-cong-so/c1581,
2029,Giày sandals nam,5341,giay-sandals-nam,/giay-sandals-nam/c5341,
6211,Dép nam,5342,dep-nam,/dep-nam/c5342,
858,Giày boots nam,8337,giay-boots-nam,/giay-boots-nam/c8337,
2536,Phụ kiện giày nam,8338,phu-kien-giay-nam,/phu-kien-giay-nam/c8338,
4098,Giày thể thao nam cổ thấp,49620,giay-the-thao-nam-co-thap,/giay-the-thao-nam-co-thap/c49620,
885,Giày thể thao nam cổ cao,49622,giay-the-thao-nam-co-cao,/giay-the-thao-nam-co-cao/c49622,
423,Giày lười vải nam,49624,giay-luoi-vai-nam,/giay-luoi-vai-nam/c49624,
4055,Giày lười da nam,49626,giay-luoi-da-nam,/giay-luoi-da-nam/c49626,
310,Giày lười nhựa nam,49628,giay-luoi-nhua-nam,/giay-luoi-nhua-nam/c49628,
1011,Giày tây nam có dây,49630,giay-tay-nam-co-day,/giay-tay-nam-co-day/c49630,
2416,Giày tây nam không dây,49632,giay-tay-nam-khong-day,/giay-tay-nam-khong-day/c49632,
1309,Giày sandals nam quai ngang,49634,giay-sandals-nam-quai-ngang,/giay-sandals-nam-quai-ngang/c49634,
424,Giày sandals nam quai chéo,49636,giay-sandals-nam-quai-cheo,/giay-sandals-nam-quai-cheo/c49636,
1508,Dép nam xỏ ngón,10383,dep-nam-xo-ngon,/dep-nam-xo-ngon/c10383,
4557,Dép nam quai ngang,10384,dep-nam-quai-ngang,/dep-nam-quai-ngang/c10384,
147,Dép nam đi trong nhà,49638,dep-nam-di-trong-nha,/dep-nam-di-trong-nha/c49638,
520,Giày boots nam cổ cao,49640,giay-boots-nam-co-cao,/giay-boots-nam-co-cao/c49640,
265,Giày boots nam cổ thấp,49642,giay-boots-nam-co-thap,/giay-boots-nam-co-thap/c49642,
733,Vệ sinh giày,49644,ve-sinh-giay,/ve-sinh-giay/c49644,
273,Miếng lót giày nam,49646,mieng-lot-giay-nam,/mieng-lot-giay-nam/c49646,
1212,Phụ kiện cho giày nam,49648,phu-kien-cho-giay-nam,/phu-kien-cho-giay-nam/c49648,
1339,Túi xách công sở nam,5337,tui-xach-cong-so-nam,/tui-xach-cong-so-nam/c5337,
3860,Túi đeo chéo nam,958,phu-kien-nam-tui-xach,/phu-kien-nam-tui-xach/c958,
324,"Túi bao tử, túi đeo bụng",49650,tui-bao-tu-tui-deo-bung,/tui-bao-tu-tui-deo-bung/c49650,
5676,Ví nam,959,vi-nam,/vi-nam/c959,
3773,Ví nam ngang,49652,vi-nam-ngang,/vi-nam-ngang/c49652,
1909,Ví nam đứng,49654,vi-nam-dung,/vi-nam-dung/c49654,
9559,Balo,27608,balo,/balo/c27608,
3127,"Balo, cặp, túi chống sốc laptop",27612,balo-cap-tui-chong-soc-laptop,/balo-cap-tui-chong-soc-laptop/c27612,
3926,Túi du lịch và phụ kiện,8387,tui-du-lich-va-phu-kien,/tui-du-lich-va-phu-kien/c8387,
2547,"Vali, phụ kiện vali ",6526,vali-phu-kien-vali,/vali-phu-kien-vali/c6526,
1900,Balo nam,8351,balo-nam,/balo-nam/c8351,
5951,Balo nữ,6522,balo-nu,/balo-nu/c6522,
1490,Balo laptop,6521,balo-laptop,/balo-laptop/c6521,
219,Balo dây rút,27610,balo-day-rut,/balo-day-rut/c27610,
2242,Túi chống sốc,6525,tui-chong-soc,/tui-chong-soc/c6525,
892,Cặp đựng laptop,6524,cap-laptop,/cap-laptop/c6524,
790,"Balo du lịch, phượt",6523,balo-du-lich-phuot,/balo-du-lich-phuot/c6523,
2457,Túi trống,7566,tui-trong,/tui-trong/c7566,
671,Phụ kiện du lịch khác,8391,phu-kien-du-lich-khac,/phu-kien-du-lich-khac/c8391,
9,Ví passport,8388,vi-passport,/vi-passport/c8388,
848,Vali nhựa,49656,vali-nhua,/vali-nhua/c49656,
190,Vali vải,49658,vali-vai,/vali-vai/c49658,
39,Vali trẻ em,49660,vali-tre-em,/vali-tre-em/c49660,
1472,Phụ kiện vali,8390,phu-kien-vali,/phu-kien-vali/c8390,
21153,Mắt kính,8370,mat-kinh,/mat-kinh/c8370,
48337,Phụ kiện thời trang nữ,975,phu-kien-thoi-trang-nu,/phu-kien-thoi-trang-nu/c975,
14985,Phụ kiện thời trang nam,27550,phu-kien-thoi-trang-nam,/phu-kien-thoi-trang-nam/c27550,
7789,Kính mát,978,kinh-mat,/kinh-mat/c978,
8035,Gọng kính,1017,gong-kinh,/gong-kinh/c1017,
303,Kính áp tròng,11839,kinh-ap-trong,/kinh-ap-trong/c11839,
111,Mắt kính trẻ em,11374,mat-kinh-tre-em,/mat-kinh-tre-em/c11374,
2365,Phụ kiện kính,11843,phu-kien-kinh,/phu-kien-kinh/c11843,
7225,Nón nữ,5401,non-nu,/non-nu/c5401,
10625,Khăn - Tất - Vớ nữ,5403,khan-tat-vo-nu,/khan-tat-vo-nu/c5403,
13792,Phụ kiện tóc nữ,8361,phu-kien-toc-nu,/phu-kien-toc-nu/c8361,
2766,Thắt lưng - Dây nịt nữ và phụ kiện,5387,that-lung-day-nit-nu-va-phu-kien,/that-lung-day-nit-nu-va-phu-kien/c5387,
4546,Phụ kiện cưới,5400,phu-kien-cuoi,/phu-kien-cuoi/c5400,
3482,Cài Áo,15118,cai-ao,/cai-ao/c15118,
3791,Nón nam,8341,non-nam,/non-nam/c8341,
2770,Khăn - Găng tay nam,8343,khan-gang-tay-nam,/khan-gang-tay-nam/c8343,
1971,"Tất, vớ nam",5343,vo-nam,/vo-nam/c5343,
7324,"Thắt lưng, dây nịt nam",968,that-lung-day-nit-nam,/that-lung-day-nit-nam/c968,
608,Hình xăm,49720,hinh-xam,/hinh-xam/c49720,
1611,Găng tay nam,8342,gang-tay-nam,/gang-tay-nam/c8342,
6748,Đồng hồ nam,1778,dong-ho-nam,/dong-ho-nam/c1778,
5591,Đồng hồ nữ,977,dong-ho-nu,/dong-ho-nu/c977,
242,Đồng hồ trẻ em,11375,dong-ho-tre-em,/dong-ho-tre-em/c11375,
3890,Phụ kiện đồng hồ,27542,phu-kien-dong-ho,/phu-kien-dong-ho/c27542,
78311,Trang sức,8374,trang-suc,/trang-suc/c8374,
2941,Đồng hồ business nam,8512,dong-ho-business-nam,/dong-ho-business-nam/c8512,
2493,"Đồng hồ thời trang, casual nam",8511,dong-ho-thoi-trang-casual-nam,/dong-ho-thoi-trang-casual-nam/c8511,
1034,Đồng hồ thể thao nam,8513,dong-ho-the-thao-nam,/dong-ho-the-thao-nam/c8513,
280,Đồng hồ lộ máy,7449,dong-ho-lo-may,/dong-ho-lo-may/c7449,
1763,Đồng hồ dây da,5384,dong-ho-day-da-nu,/dong-ho-day-da-nu/c5384,
3152,Đồng hồ dây kim loại,5385,dong-ho-day-kim-loai-nu,/dong-ho-day-kim-loai-nu/c5385,
676,Đồng hồ thể thao nữ,8516,dong-ho-the-thao-nu,/dong-ho-the-thao-nu/c8516,
127,Đồng hồ bé trai,27544,dong-ho-be-trai,/dong-ho-be-trai/c27544,
115,Đồng hồ bé gái,27546,dong-ho-be-gai,/dong-ho-be-gai/c27546,
2638,Dây đồng hồ,49722,day-dong-ho,/day-dong-ho/c49722,
501,Hộp đựng đồng hồ,49724,hop-dung-dong-ho,/hop-dung-dong-ho/c49724,
484,Dụng cụ sửa đồng hồ,49726,dung-cu-sua-dong-ho,/dung-cu-sua-dong-ho/c49726,
267,Pin đồng hồ,49728,pin-dong-ho,/pin-dong-ho/c49728,
23709,Dây chuyền,15250,day-chuyen,/day-chuyen/c15250,
27683,Vòng tay,15318,vong-tay,/vong-tay/c15318,
15233,Bông tai,15320,bong-tai,/bong-tai/c15320,
8178,Nhẫn,15236,nhan,/nhan/c15236,
3526,Bộ trang sức,15936,bo-trang-suc,/bo-trang-suc/c15936,
814,Laptop,8095,laptop,/laptop/c8095,
10509,Thiết Bị Văn Phòng - Thiết Bị Ngoại Vi,12884,thiet-bi-van-phong-thiet-bi-ngoai-vi,/thiet-bi-van-phong-thiet-bi-ngoai-vi/c12884,
1752,Thiết Bị Lưu Trữ,8060,thiet-bi-luu-tru,/thiet-bi-luu-tru/c8060,
3544,Thiết Bị Mạng,2663,thiet-bi-mang,/thiet-bi-mang/c2663,
441,PC - Máy Tính Bộ,8093,pc-may-tinh-bo,/pc-may-tinh-bo/c8093,
23877,Linh Kiện Máy Tính - Phụ Kiện Máy Tính,8129,linh-kien-may-tinh-phu-kien-may-tinh,/linh-kien-may-tinh-phu-kien-may-tinh/c8129,
611,Laptop Truyền Thống,29010,laptop-truyen-thong,/laptop-truyen-thong/c29010,
5,Macbook,2458,macbook-imac,/macbook-imac/c2458,
167,Laptop Gaming,5584,laptop-gaming,/laptop-gaming/c5584,
30,Laptop 2 trong 1,29008,laptop-2-trong-1,/laptop-2-trong-1/c29008,
1,Chromebooks,29012,chromebooks,/chromebooks/c29012,
1055,Màn Hình Máy Tính,2665,man-hinh-may-tinh,/man-hinh-may-tinh/c2665,
1961,Máy In - Photocopy,2308,may-in-photocopy,/may-in-photocopy/c2308,
184,Phần Mềm Máy Tính,6255,phan-mem-may-tinh,/phan-mem-may-tinh/c6255,
3820,Mực In và Toner,4532,muc-in-va-toner,/muc-in-va-toner/c4532,
54,Máy Scan Tài Liệu,4542,may-scan-tai-lieu,/may-scan-tai-lieu/c4542,
1452,Giấy In,8086,giay-in,/giay-in/c8086,
420,Máy Chiếu và Phụ Kiện Máy Chiếu,2664,may-chieu-va-phu-kien-may-chieu,/may-chieu-va-phu-kien-may-chieu/c2664,
509,Máy Scan Mã Vạch,30020,may-scan-ma-vach,/may-scan-ma-vach/c30020,
53,Máy Hủy Tài Liệu,10089,may-huy-tai-lieu,/may-huy-tai-lieu/c10089,
721,Máy Chấm Công,12886,may-cham-cong,/may-cham-cong/c12886,
2,Máy Fax,8088,may-fax,/may-fax/c8088,
174,Máy Đếm Tiền,29006,may-dem-tien,/may-dem-tien/c29006,
104,Thiết Bị Truyền Thông Hội Nghị,12890,thiet-bi-truyen-thong-hoi-nghi,/thiet-bi-truyen-thong-hoi-nghi/c12890,
656,Ổ Cứng Gắn Trong,28844,o-cung-gan-trong,/o-cung-gan-trong/c28844,
216,Ổ Cứng Di Động,1827,o-cung-di-dong,/o-cung-di-dong/c1827,
342,Case Ổ Cứng- Hộp Đựng HDD Box - Dock Ổ Cứng,5350,case-o-cung-hop-dung-hdd-box-dock-o-cung,/case-o-cung-hop-dung-hdd-box-dock-o-cung/c5350,
154,Thiết Bị Lưu Trữ Qua Mạng NAS,5349,thiet-bi-luu-tru-qua-mang-nas,/thiet-bi-luu-tru-qua-mang-nas/c5349,
345,USB,1828,usb-luu-tru,/usb-luu-tru/c1828,
39,Đĩa Trắng - Băng Cuộn,28838,dia-trang-bang-cuon,/dia-trang-bang-cuon/c28838,
769,Thiết Bị Phát Sóng Wifi,13150,thiet-bi-phat-song-wifi,/thiet-bi-phat-song-wifi/c13150,
145,Bộ Kích Sóng Wifi,4343,bo-kich-song-wifi,/bo-kich-song-wifi/c4343,
246,Bộ Phát Wifi Di Động 3G/4G - Mifi,4345,bo-phat-wifi-di-dong-3g4g-mifi,/bo-phat-wifi-di-dong-3g4g-mifi/c4345,
467,Bộ Chia Mạng - Switch,4454,bo-chia-mang-switch,/bo-chia-mang-switch/c4454,
1588,Phụ Kiện Thiết Bị Mạng,4642,phu-kien-thiet-bi-mang,/phu-kien-thiet-bi-mang/c4642,
192,Bộ Chuyển Đổi - Transceivers,28894,bo-chuyen-doi-transceivers,/bo-chuyen-doi-transceivers/c28894,
10,Mở Rộng Mạng Qua Đường Điện - Powerline Ethernet,4346,mo-rong-mang-qua-duong-dien-powerline-ethernet,/mo-rong-mang-qua-duong-dien-powerline-ethernet/c4346,
100,Card Mạng,7361,card-mang,/card-mang/c7361,
14,Ăng-Ten Mạng,28896,ang-ten-mang,/ang-ten-mang/c28896,
13,Modem ADSL,4585,modem-adsl,/modem-adsl/c4585,
107,Máy Tính All in one,8094,may-tinh-all-in-one,/may-tinh-all-in-one/c8094,https://salt.tikicdn.com/cache/w100/ts/category/95/31/5f/0b6f9e48eaf0096ec169d1e3fc8f49b1.jpg
22,Mini PC,7369,mini-pc,/mini-pc/c7369,
83,Máy Tính Để Bàn Lắp Ráp,5172,may-tinh-de-ban-lap-rap,/may-tinh-de-ban-lap-rap/c5172,
27,Towers - Máy Chủ - Server,29014,towers-may-chu-server,/towers-may-chu-server/c29014,
202,Máy Tính Bộ Thương Hiệu,29016,may-tinh-bo-thuong-hieu,/may-tinh-bo-thuong-hieu/c29016,
379,Nguồn Máy Tính,28900,nguon-may-tinh,/nguon-may-tinh/c28900,
254,Bộ Lưu Điện - UPS,11964,bo-luu-dien-ups,/bo-luu-dien-ups/c11964,
384,Mainboard - Board Mạch Chủ,11956,mainboard-board-mach-chu,/mainboard-board-mach-chu/c11956,
258,Bộ Vi Xử Lý CPU,11962,bo-vi-xu-ly-cpu,/bo-vi-xu-ly-cpu/c11962,
244,Vỏ Case - Thùng Máy,11960,vo-case-thung-may,/vo-case-thung-may/c11960,
705,Hệ Thống Tản Nhiệt,28902,he-thong-tan-nhiet,/he-thong-tan-nhiet/c28902,
271,Card Màn Hình - VGA,11958,card-man-hinh-vga,/card-man-hinh-vga/c11958,
252,Sound Card - Card Âm Thanh,11966,sound-card-card-am-thanh,/sound-card-card-am-thanh/c11966,
498,RAM Máy Tính,2680,ram-may-tinh,/ram-may-tinh/c2680,
32,Ổ Đĩa Quang,28908,o-dia-quang,/o-dia-quang/c28908,
18,I/O Port Cards,28910,io-port-cards,/io-port-cards/c28910,
34,Thiết Bị Streaming và Capture Cards,28914,thiet-bi-streaming-va-capture-cards,/thiet-bi-streaming-va-capture-cards/c28914,
104,KVM Switches - Switch HDMI,28916,kvm-switches-switch-hdmi,/kvm-switches-switch-hdmi/c28916,
501,Linh Kiện Máy Tính Khác,11968,linh-kien-may-tinh-khac,/linh-kien-may-tinh-khac/c11968,
19943,Linh Kiện Thay Thế Cho Laptop,28918,linh-kien-thay-the-cho-laptop,/linh-kien-thay-the-cho-laptop/c28918,
136256,Dụng cụ nhà bếp,1951,nha-bep,/nha-bep/c1951,
74529,Đồ dùng phòng ăn,1954,phong-an,/phong-an/c1954,
35198,Đồ dùng phòng ngủ,8313,do-dung-phong-ngu,/do-dung-phong-ngu/c8313,
106335,Nội thất,2150,noi-that,/noi-that/c2150,
157204,Trang trí nhà cửa,1973,trang-tri-nha-cua,/trang-tri-nha-cua/c1973,
50058,Đèn & thiết bị chiếu sáng,2015,den-thiet-bi-chieu-sang,/den-thiet-bi-chieu-sang/c2015,
180509,Ngoài trời & sân vườn,2223,ngoai-troi-san-vuon,/ngoai-troi-san-vuon/c2223,
89302,Đồ dùng và thiết bị nhà tắm,1966,do-dung-va-thiet-bi-nha-tam,/do-dung-va-thiet-bi-nha-tam/c1966,
82942,Sửa chữa nhà cửa,1974,sua-chua-nha-cua,/sua-chua-nha-cua/c1974,
4315,Nhạc cụ,10068,nhac-cu,/nhac-cu/c10068,
19967,Đồ thờ cúng,23054,do-tho-cung,/do-tho-cung/c23054,
817,Ấm nước các loại,1934,am-dun-nuoc,/am-dun-nuoc/c1934,
3,Dụng cụ nấu ăn,23122,dung-cu-nau-an,/dung-cu-nau-an/c23122,
28309,Dụng cụ chứa đựng thực phẩm,23128,dung-cu-chua-dung-thuc-pham,/dung-cu-chua-dung-thuc-pham/c23128,
14135,"Dao, kéo và phụ kiện",8319,dao-keo-va-phu-kien,/dao-keo-va-phu-kien/c8319,
5,Kéo nhà bếp,3213,keo-nha-bep,/keo-nha-bep/c3213,
21837,Dụng cụ làm bánh,5433,dung-cu-lam-banh,/dung-cu-lam-banh/c5433,
10295,Kệ nhà bếp,6305,ke-nha-bep,/ke-nha-bep/c6305,
4610,"Bếp nướng, vỉ nướng",11808,bep-nuong-vi-nuong,/bep-nuong-vi-nuong/c11808,
42534,Phụ kiện nhà bếp,1986,phu-kien-nha-bep,/phu-kien-nha-bep/c1986,
13711,Nồi và chảo,53052,noi-va-chao,/noi-va-chao/c53052,
12245,"Bình nước, bình giữ nhiệt & Phụ kiện",6963,binh-nuoc-binh-giu-nhiet-phu-kien,/binh-nuoc-binh-giu-nhiet-phu-kien/c6963,
38,"Bình, ca đựng nước",3991,binh-ca-dung-nuoc,/binh-ca-dung-nuoc/c3991,
2289,"Bình lọc, lõi lọc, thiết bị lọc nước",2014,binh-loc-loi-loc-thiet-bi-loc-nuoc,/binh-loc-loi-loc-thiet-bi-loc-nuoc/c2014,
11694,"Bình, ly uống trà và phụ kiện",3990,binh-ly-uong-tra-va-phu-kien,/binh-ly-uong-tra-va-phu-kien/c3990,
3194,"Bình, ly uống cà phê và phụ kiện",23304,binh-ly-uong-ca-phe-va-phu-kien,/binh-ly-uong-ca-phe-va-phu-kien/c23304,
12054,"Ly, cốc & phụ kiện ly",3177,ly-coc-phu-kien-ly,/ly-coc-phu-kien-ly/c3177,
7622,"Đũa, muỗng, nĩa",3179,dua-muong-nia,/dua-muong-nia/c3179,
2360,Dụng cụ pha chế,23322,dung-cu-pha-che,/dung-cu-pha-che/c23322,
12547,Phụ kiện phòng ăn,3180,phu-kien-phong-an,/phu-kien-phong-an/c3180,
10476,"Tô, chén, dĩa",3178,to-chen-dia,/to-chen-dia/c3178,
14212,"Bộ ga, ra, drap",23346,bo-ga-ra-drap,/bo-ga-ra-drap/c23346,
4632,"Chăn, mền và phụ kiện",23352,chan-men-va-phu-kien,/chan-men-va-phu-kien/c23352,
7240,"Gối, ruột gối, vỏ gối",6724,ruot-goi-ruot-chan,/ruot-goi-ruot-chan/c6724,
3223,Nệm và phụ kiện,6723,nem-va-phu-kien,/nem-va-phu-kien/c6723,
5843,Phụ kiện phòng ngủ,8314,phu-kien-phong-ngu,/phu-kien-phong-ngu/c8314,
39263,Nội thất phòng khách,23570,noi-that-phong-khach,/noi-that-phong-khach/c23570,
26870,Nội thất phòng ngủ,23598,noi-that-phong-ngu,/noi-that-phong-ngu/c23598,
11431,Nội thất phòng ăn,23636,noi-that-phong-an,/noi-that-phong-an/c23636,
15002,"Nội thất phòng học, làm việc",23654,noi-that-phong-hoc-lam-viec,/noi-that-phong-hoc-lam-viec/c23654,
2180,Nội thất trẻ em,23662,noi-that-tre-em,/noi-that-tre-em/c23662,
11624,Nội thất khác,23678,noi-that-khac,/noi-that-khac/c23678,
23220,Decal & giấy dán tường,3710,decal-giay-dan-tuong,/decal-giay-dan-tuong/c3710,
1226,Decal & giấy dán kính,23778,decal-giay-dan-kinh,/decal-giay-dan-kinh/c23778,
7460,Đồng hồ,1980,dong-ho,/dong-ho/c1980,
53450,Tranh trang trí,11222,tranh-trang-tri,/tranh-trang-tri/c11222,
33073,Trang trí nhà cửa,23806,trang-tri-nha-cua,/trang-tri-nha-cua/c23806,
25231,Vật phẩm phong thủy,5848,vat-pham-phong-thuy,/vat-pham-phong-thuy/c5848,
3324,Đèn bàn,2016,den-ban,/den-ban/c2016,
1968,Đèn pin,2018,den-pin,/den-pin/c2018,
2600,Đèn ngủ,2019,den-ngu,/den-ngu/c2019,
5641,Đèn ngoài trời,23236,den-ngoai-troi,/den-ngoai-troi/c23236,
8549,Đèn trần,23238,den-tran,/den-tran/c23238,
973,Đèn cảm ứng,23242,den-cam-ung,/den-cam-ung/c23242,
19272,Đèn khác,23246,den-khac,/den-khac/c23246,
1289,Đèn diệt côn trùng,2020,den-diet-con-trung,/den-diet-con-trung/c2020,
730,"Đèn xông tinh dầu, tinh dầu và phụ kiện",23802,den-xong-tinh-dau-tinh-dau-va-phu-kien,/den-xong-tinh-dau-tinh-dau-va-phu-kien/c23802,
6982,"Áo mưa, ô dù và phụ kiện đi mưa",5995,ao-mua-o-du-va-phu-kien-di-mua,/ao-mua-o-du-va-phu-kien-di-mua/c5995,
27749,Dụng cụ làm vườn,3879,dung-cu-lam-vuon,/dung-cu-lam-vuon/c3879,
6562,Máy xịt rửa và phụ kiện,8316,may-xit-rua-va-phu-kien,/may-xit-rua-va-phu-kien/c8316,
4462,Ngoại thất sân vườn,23422,ngoai-that-san-vuon,/ngoai-that-san-vuon/c23422,
1353,Bể bơi và phụ kiện,23434,be-boi-va-phu-kien,/be-boi-va-phu-kien/c23434,
7880,Dụng cụ ngoài trời khác,23446,dung-cu-ngoai-troi-khac,/dung-cu-ngoai-troi-khac/c23446,
8535,Khăn,2685,khan,/khan/c2685,
12440,Phụ kiện nhà tắm khác,2339,phu-kien-nha-tam-khac,/phu-kien-nha-tam-khac/c2339,
10033,Kệ nhà tắm,23258,ke-nha-tam,/ke-nha-tam/c23258,
17684,Thiết bị phòng tắm,23264,thiet-bi-phong-tam,/thiet-bi-phong-tam/c23264,
19289,Phụ kiện giặt ủi,23044,phu-kien-giat-ui,/phu-kien-giat-ui/c23044,
15681,Dụng cụ vệ sinh,23018,dung-cu-ve-sinh,/dung-cu-ve-sinh/c23018,
1328,Bảo hộ lao động,4452,bao-ho-lao-dong,/bao-ho-lao-dong/c4452,
9376,"Sơn, dầu mỡ, hóa chất",12986,son-dau-mo-hoa-chat,/son-dau-mo-hoa-chat/c12986,
1289,Xe đẩy hàng,12984,xe-day-hang,/xe-day-hang/c12984,
11233,Bộ dụng cụ đa năng,2759,bo-dung-cu-da-nang,/bo-dung-cu-da-nang/c2759,
2180,"Đá cắt, que hàn, cưa & lưỡi cưa",12980,da-cat-que-han-cua-luoi-cua,/da-cat-que-han-cua-luoi-cua/c12980,
512,Thang nhôm,2327,thang-nhom,/thang-nhom/c2327,
27414,Dụng cụ sửa chữa khác,2760,dung-cu-sua-chua-khac,/dung-cu-sua-chua-khac/c2760,
3881,Thiết bị đo lường,27188,thiet-bi-do-luong,/thiet-bi-do-luong/c27188,
2990,"Thùng đồ nghề, túi công cụ",2806,thung-do-nghe-tui-cong-cu,/thung-do-nghe-tui-cong-cu/c2806,
118,Đàn piano,23450,dan-piano,/dan-piano/c23450,
73,Amply,23462,amply,/amply/c23462,
140,Đàn organ,23464,dan-organ,/dan-organ/c23464,
721,"Đàn guitar, ukulele",23466,dan-guitar-ukulele,/dan-guitar-ukulele/c23466,
961,Phụ kiện đàn,23468,phu-kien-dan,/phu-kien-dan/c23468,
307,Nhạc cụ dân tộc,10076,nhac-cu-dan-toc,/nhac-cu-dan-toc/c10076,
551,"Kèn, Trống & Phụ kiện",10074,ken-trong-phu-kien,/ken-trong-phu-kien/c10074,
979,Phụ kiện khác,23552,phu-kien-khac,/phu-kien-khac/c23552,
396,Các loại đàn khác,10073,cac-loai-dan-khac,/cac-loai-dan-khac/c10073,
4501,Bộ đồ thờ,23056,bo-do-tho,/bo-do-tho/c23056,
2248,"Lư trầm, bát hương, bát nhang",23058,lu-tram-bat-huong-bat-nhang,/lu-tram-bat-huong-bat-nhang/c23058,
2529,Bàn thờ,23072,ban-tho,/ban-tho/c23072,
2761,"Hương, nhang",23078,huong-nhang,/huong-nhang/c23078,
7970,Phụ kiện thờ cúng,23082,phu-kien-tho-cung,/phu-kien-tho-cung/c23082,
20040,Bách hóa online,20766,bach-hoa-online,/bach-hoa-online/c20766,
31944,Điện gia dụng,20824,dien-gia-dung,/dien-gia-dung/c20824,
17879,Làm Đẹp - Sức Khỏe,20908,lam-dep-suc-khoe,/lam-dep-suc-khoe/c20908,
736,Điện Thoại - Máy Tính Bảng,21054,dien-thoai-may-tinh-bang,/dien-thoai-may-tinh-bang/c21054,
25406,Laptop & Máy Vi Tính,21074,laptop-may-vi-tinh,/laptop-may-vi-tinh/c21074,
15811,Mẹ & Bé,21166,me-be,/me-be/c21166,
207618,Nhà Cửa - Đời Sống,21268,nha-cua-doi-song,/nha-cua-doi-song/c21268,
30678,"Sách, Văn phòng phẩm & Quà lưu niệm",21298,sach-van-phong-pham-qua-luu-niem,/sach-van-phong-pham-qua-luu-niem/c21298,
128371,"Ô tô, xe máy, xe đạp",21346,o-to-xe-may-xe-dap,/o-to-xe-may-xe-dap/c21346,
81932,Thể thao - Dã ngoại,21356,the-thao-da-ngoai,/the-thao-da-ngoai/c21356,
139338,Thiết Bị Số - Phụ Kiện Số,21382,thiet-bi-so-phu-kien-so,/thiet-bi-so-phu-kien-so/c21382,
101829,Thời Trang,21442,thoi-trang,/thoi-trang/c21442,
4,Bánh kẹo,20768,banh-keo,/banh-keo/c20768,
19044,Chăm sóc thú cưng,20770,cham-soc-thu-cung,/cham-soc-thu-cung/c20770,
2,Đồ hộp,20782,do-hop,/do-hop/c20782,
117,Đồ uống,20784,do-uong,/do-uong/c20784,
4,Gia vị,20800,gia-vi,/gia-vi/c20800,
5,Nấu ăn và làm bánh,20806,nau-an-va-lam-banh,/nau-an-va-lam-banh/c20806,
40,Thực phẩm bổ dưỡng,20808,thuc-pham-bo-duong,/thuc-pham-bo-duong/c20808,
4,Thực phẩm khô,20810,thuc-pham-kho,/thuc-pham-kho/c20810,
457,Điện lạnh,20826,dien-lanh,/dien-lanh/c20826,
23531,Thiết bị nhà bếp,20828,thiet-bi-nha-bep,/thiet-bi-nha-bep/c20828,
6611,Thiết bị gia đình,20862,thiet-bi-gia-dinh,/thiet-bi-gia-dinh/c20862,
1345,Phụ kiện điện gia dụng,24986,phu-kien-dien-gia-dung,/phu-kien-dien-gia-dung/c24986,
690,Chăm sóc cá nhân,20910,cham-soc-ca-nhan,/cham-soc-ca-nhan/c20910,
261,Chăm sóc cơ thể,20928,cham-soc-co-the,/cham-soc-co-the/c20928,
418,Chăm sóc da mặt,20962,cham-soc-da-mat,/cham-soc-da-mat/c20962,
195,Chăm sóc tóc và da đầu,20980,cham-soc-toc-va-da-dau,/cham-soc-toc-va-da-dau/c20980,
146,Nước hoa,20992,nuoc-hoa,/nuoc-hoa/c20992,
6348,Thiết bị chăm sóc sức khỏe,21000,thiet-bi-cham-soc-suc-khoe,/thiet-bi-cham-soc-suc-khoe/c21000,
3899,Thiết bị làm đẹp,21014,thiet-bi-lam-dep,/thiet-bi-lam-dep/c21014,
692,Thực phẩm chức năng,21022,thuc-pham-chuc-nang,/thuc-pham-chuc-nang/c21022,
5141,Trang điểm,21032,trang-diem,/trang-diem/c21032,
2,Điện Thoại Phổ Thông,21056,dien-thoai-pho-thong,/dien-thoai-pho-thong/c21056,
15,Điện Thoại Smartphone,21058,dien-thoai-smartphone,/dien-thoai-smartphone/c21058,
719,Máy Tính Bảng,21060,may-tinh-bang,/may-tinh-bang/c21060,
18,Laptop,21076,laptop,/laptop/c21076,
14601,Linh kiện máy tính,21084,linh-kien-may-tinh,/linh-kien-may-tinh/c21084,
42,Màn hình máy tính,21086,man-hinh-may-tinh,/man-hinh-may-tinh/c21086,
850,Máy chiếu,21088,may-chieu,/may-chieu/c21088,
3,Máy in - Máy Scan,21092,may-in-may-scan,/may-in-may-scan/c21092,
2702,Máy in - Máy Scan,21094,may-in-may-scan,/may-in-may-scan/c21094,
5527,Thiết bị lưu trữ,21106,thiet-bi-luu-tru,/thiet-bi-luu-tru/c21106,
1078,Thiết bị lưu trữ,21110,thiet-bi-luu-tru,/thiet-bi-luu-tru/c21110,
585,Thiết bị mạng,21132,thiet-bi-mang,/thiet-bi-mang/c21132,
8,"Chăm sóc mẹ mang thai, sau sinh",21170,cham-soc-me-mang-thai-sau-sinh,/cham-soc-me-mang-thai-sau-sinh/c21170,
30,Dinh dưỡng cho bé,21172,dinh-duong-cho-be,/dinh-duong-cho-be/c21172,
2,Dinh dưỡng cho người lớn,21174,dinh-duong-cho-nguoi-lon,/dinh-duong-cho-nguoi-lon/c21174,
658,Đồ chơi,21176,do-choi,/do-choi/c21176,
6587,Đồ dùng cho bé,21180,do-dung-cho-be,/do-dung-cho-be/c21180,
614,Đồ dùng cho người già,21246,do-dung-cho-nguoi-gia,/do-dung-cho-nguoi-gia/c21246,
3,"Tã, Bỉm cho bé",21248,ta-bim-cho-be,/ta-bim-cho-be/c21248,
7908,Thời trang cho mẹ và bé,21250,thoi-trang-cho-me-va-be,/thoi-trang-cho-me-va-be/c21250,
14571,Dụng cụ phòng ăn & nhà bếp,21270,dung-cu-phong-an-nha-bep,/dung-cu-phong-an-nha-bep/c21270,
9658,Đèn & thiết bị chiếu sáng,21272,den-thiet-bi-chieu-sang,/den-thiet-bi-chieu-sang/c21272,
10433,Đồ dùng nhà tắm,21274,do-dung-nha-tam,/do-dung-nha-tam/c21274,
6440,Đồ dùng phòng ngủ,21276,do-dung-phong-ngu,/do-dung-phong-ngu/c21276,
40378,Ngoài trời & sân vườn,21280,ngoai-troi-san-vuon,/ngoai-troi-san-vuon/c21280,
8111,Sửa chữa nhà cửa,21282,sua-chua-nha-cua,/sua-chua-nha-cua/c21282,
29316,Nhạc cụ,21284,nhac-cu,/nhac-cu/c21284,
7449,Nội thất,21286,noi-that,/noi-that/c21286,
38423,Trang trí nhà cửa,21288,trang-tri-nha-cua,/trang-tri-nha-cua/c21288,
523,Bảo vệ nhà cửa,24996,bao-ve-nha-cua,/bao-ve-nha-cua/c24996,
11292,Sắp xếp nhà cửa,24998,sap-xep-nha-cua,/sap-xep-nha-cua/c24998,
31020,Thiết bị nhà cửa khác,25000,thiet-bi-nha-cua-khac,/thiet-bi-nha-cua-khac/c25000,
13560,English Books,21300,english-books,/english-books/c21300,
17034,Văn Phòng Phẩm,21334,van-phong-pham,/van-phong-pham/c21334,
80,Quà Tặng,25008,qua-tang,/qua-tang/c25008,
69250,Phụ kiện ô tô,21348,phu-kien-o-to,/phu-kien-o-to/c21348,
31533,Phụ kiện xe máy,21350,phu-kien-xe-may,/phu-kien-xe-may/c21350,
19657,Phụ kiện xe đạp,21352,phu-kien-xe-dap,/phu-kien-xe-dap/c21352,
7907,Phụ kiện khác,21354,phu-kien-khac,/phu-kien-khac/c21354,
2104,Các môn thể thao chơi vợt,21358,cac-mon-the-thao-choi-vot,/cac-mon-the-thao-choi-vot/c21358,
6067,Các môn thể thao đồng đội,21360,cac-mon-the-thao-dong-doi,/cac-mon-the-thao-dong-doi/c21360,
6342,Các môn thể dục và yoga,21362,cac-mon-the-duc-va-yoga,/cac-mon-the-duc-va-yoga/c21362,
1132,Đấm bốc & Võ thuật,21364,dam-boc-vo-thuat,/dam-boc-vo-thuat/c21364,
3026,Hoạt động dã ngoại,21368,hoat-dong-da-ngoai,/hoat-dong-da-ngoai/c21368,
39246,"Phụ kiện thể thao, dã ngoại",21370,phu-kien-the-thao-da-ngoai,/phu-kien-the-thao-da-ngoai/c21370,
13300,Thể thao dưới nước,21372,the-thao-duoi-nuoc,/the-thao-duoi-nuoc/c21372,
8,Thực phẩm bổ sung năng lượng,21374,thuc-pham-bo-sung-nang-luong,/thuc-pham-bo-sung-nang-luong/c21374,
4239,Bao da - Ốp lưng,21384,bao-da-op-lung,/bao-da-op-lung/c21384,
1354,Màn hình & miếng dán màn hình,21386,man-hinh-mieng-dan-man-hinh,/man-hinh-mieng-dan-man-hinh/c21386,
12699,Adapter - Củ sạc,21388,adapter-cu-sac,/adapter-cu-sac/c21388,
14304,"Dây sạc, Dây cáp",21390,day-sac-day-cap,/day-sac-day-cap/c21390,
126,Đầu đọc thẻ nhớ,21392,dau-doc-the-nho,/dau-doc-the-nho/c21392,
6103,Đế Tản Nhiệt Laptop,21396,de-tan-nhiet-laptop,/de-tan-nhiet-laptop/c21396,
3191,Đồ chơi công nghệ,21398,do-choi-cong-nghe,/do-choi-cong-nghe/c21398,
11173,Thiết bị Game,21400,thiet-bi-game,/thiet-bi-game/c21400,
120,Gậy tự sướng/ Selfie,21402,gay-tu-suong-selfie,/gay-tu-suong-selfie/c21402,
3633,Hub USB,21404,hub-usb,/hub-usb/c21404,
4014,Loa nghe nhạc,21406,loa-nghe-nhac,/loa-nghe-nhac/c21406,
2351,Máy nghe nhạc,21410,may-nghe-nhac,/may-nghe-nhac/c21410,
1857,Phụ kiện âm thanh,21412,phu-kien-am-thanh,/phu-kien-am-thanh/c21412,
423,Pin sạc dự phòng,21414,pin-sac-du-phong,/pin-sac-du-phong/c21414,
2,Sim điện thoại,21416,sim-dien-thoai,/sim-dien-thoai/c21416,
11324,Tai nghe,21418,tai-nghe,/tai-nghe/c21418,
24,Thẻ nhớ điện thoại,21420,the-nho-dien-thoai,/the-nho-dien-thoai/c21420,
33116,Thiết bị thông minh,21422,thiet-bi-thong-minh,/thiet-bi-thong-minh/c21422,
1670,Thiết bị mạng,21436,thiet-bi-mang,/thiet-bi-mang/c21436,
8045,Thiết bị số - Khác,21440,thiet-bi-so-khac,/thiet-bi-so-khac/c21440,
2422,Loa vi tính,25010,loa-vi-tinh,/loa-vi-tinh/c25010,
2505,Microphone,25014,microphone,/microphone/c25014,
921,Máy ghi âm,25016,may-ghi-am,/may-ghi-am/c25016,
97,Portable Amplifier,25022,portable-amplifier,/portable-amplifier/c25022,
4028,Chuột,25024,chuot,/chuot/c25024,
5385,Bàn phím,25026,ban-phim,/ban-phim/c25026,
4219,Linh kiện điện thoại,25028,linh-kien-dien-thoai,/linh-kien-dien-thoai/c25028,
13578,Thời trang nam,21444,thoi-trang-nam,/thoi-trang-nam/c21444,
20864,Thời trang nữ,21462,thoi-trang-nu,/thoi-trang-nu/c21462,
25919,Trang Sức,21478,trang-suc,/trang-suc/c21478,
14724,Túi xách và Phụ kiện,21488,tui-xach-va-phu-kien,/tui-xach-va-phu-kien/c21488,
19894,Phụ kiện thời trang khác,25034,phu-kien-thoi-trang-khac,/phu-kien-thoi-trang-khac/c25034,
6851,Giày & trang phục thể thao,21366,giay-trang-phuc-the-thao,/giay-trang-phuc-the-thao/c21366,
3077,Đồ Ăn Vặt,4421,do-an-vat,/do-an-vat/c4421,
9724,Thực phẩm Đóng hộp và Khô,15074,thuc-pham-dong-hop-va-kho,/thuc-pham-dong-hop-va-kho/c15074,
1235,Đồ Uống Không Cồn,24024,do-uong-khong-con,/do-uong-khong-con/c24024,
5144,Gia Vị và Chế Biến,4422,gia-vi-va-che-bien,/gia-vi-va-che-bien/c4422,
42314,Chăm sóc thú cưng,5451,thu-cung,/thu-cung/c5451,
304,Bộ quà tặng,11347,bo-qua-tang,/bo-qua-tang/c11347,
8198,Đồ uống - Pha chế dạng bột,22998,do-uong-pha-che-dang-bot,/do-uong-pha-che-dang-bot/c22998,
1118,Sữa và các Sản phẩm từ sữa,53562,sua-va-cac-san-pham-tu-sua,/sua-va-cac-san-pham-tu-sua/c53562,
1166,Đồ uống có cồn,53582,do-uong-co-con,/do-uong-co-con/c53582,
2508,Đậu & Hạt Các Loại,53620,dau-hat-cac-loai,/dau-hat-cac-loai/c53620,
1329,Bánh,8275,banh,/banh/c8275,
701,Kẹo,8276,keo,/keo/c8276,
424,Chocolate,8277,chocolate,/chocolate/c8277,
335,Snack,8278,snack,/snack/c8278,
69,Bánh kẹo khác,10222,banh-keo-khac,/banh-keo-khac/c10222,
11,Khô các loại,53526,kho-cac-loai,/kho-cac-loai/c53526,
211,Các Loại Đồ Ăn Vặt Khác,53528,cac-loai-do-an-vat-khac,/cac-loai-do-an-vat-khac/c53528,
4801,Thực phẩm khô,4393,thuc-pham-kho,/thuc-pham-kho/c4393,
528,Đặc sản Việt Nam,11304,dac-san-viet-nam,/dac-san-viet-nam/c11304,
909,Đồ hộp,4419,do-hop,/do-hop/c4419,
3452,Thực phẩm khác,53558,thuc-pham-khac,/thuc-pham-khac/c53558,
237,Đồ uống có gas,4426,do-uong-co-gas,/do-uong-co-gas/c4426,
998,Đồ uống không gas,15076,do-uong-khong-gas,/do-uong-khong-gas/c15076,https://salt.tikicdn.com/cache/w100/ts/category/64/de/71/3971bd238830e4d682d8c4947fe8ad9d.jpg
1340,Gia vị dạng bột,8282,gia-vi-dang-bot,/gia-vi-dang-bot/c8282,
2054,Gia vị dạng nước,8283,gia-vi-dang-nuoc,/gia-vi-dang-nuoc/c8283,
415,Dầu ăn,5477,dau-an,/dau-an/c5477,
1334,Nấu ăn và làm bánh,11256,nau-an-va-lam-banh,/nau-an-va-lam-banh/c11256,
4281,Thức ăn thú cưng,53530,thuc-an-thu-cung,/thuc-an-thu-cung/c53530,
33893,Phụ kiện thú cưng,53540,phu-kien-thu-cung,/phu-kien-thu-cung/c53540,
80,Hộp Quà Tết,53576,hop-qua-tet,/hop-qua-tet/c53576,
57,Hộp Quà Tặng,53578,hop-qua-tang,/hop-qua-tang/c53578,
161,Hàng Mùa Vụ Khác,53580,hang-mua-vu-khac,/hang-mua-vu-khac/c53580,
3344,Trà,8274,tra,/tra/c8274,
2987,Cà phê,4423,ca-phe-tra,/ca-phe-tra/c4423,https://salt.tikicdn.com/cache/w100/ts/category/07/40/db/51cb029a8c0c7a9bfaf038f54f6d9f27.jpg
1623,"Ngũ cốc, bột",5478,bot,/bot/c5478,
261,Các Loại Đồ Uống Dạng Bột Khác,53560,cac-loai-do-uong-dang-bot-khac,/cac-loai-do-uong-dang-bot-khac/c53560,
767,Sữa nước,8273,sua-nuoc,/sua-nuoc/c8273,https://salt.tikicdn.com/cache/w100/ts/category/2b/03/ee/c94ea7fb4c12b2c434dae50a92faee93.jpg
352,Sữa Chức Năng Dạng Bột,4427,sua-chuc-nang-dang-bot,/sua-chuc-nang-dang-bot/c4427,
268,Bia và Nước hoa quả lên men,5483,bia-va-nuoc-hoa-qua-len-men,/bia-va-nuoc-hoa-qua-len-men/c5483,
898,Rượu,11343,ruou,/ruou/c11343,
2508,"Hạt, củ, quả khô",6548,cac-loai-hat,/cac-loai-hat/c6548,
18238,Thiết Bị Âm Thanh và Phụ Kiện,8215,thiet-bi-am-thanh-va-phu-kien,/thiet-bi-am-thanh-va-phu-kien/c8215,
3202,Thiết Bị Chơi Game và Phụ Kiện,2667,thiet-bi-choi-game-va-phu-kien,/thiet-bi-choi-game-va-phu-kien/c2667,
2459,Thiết Bị Đeo Thông Minh và Phụ Kiện,8039,thiet-bi-deo-thong-minh-va-phu-kien,/thiet-bi-deo-thong-minh-va-phu-kien/c8039,
8717,Thiết Bị Thông Minh và Linh Kiện Điện Tử,28432,thiet-bi-thong-minh-va-linh-kien-dien-tu,/thiet-bi-thong-minh-va-linh-kien-dien-tu/c28432,
1013119,Phụ Kiện Điện Thoại và Máy Tính Bảng,8214,phu-kien-dien-thoai-va-may-tinh-bang,/phu-kien-dien-thoai-va-may-tinh-bang/c8214,
24864,Phụ kiện máy tính và Laptop,28670,phu-kien-may-tinh-va-laptop,/phu-kien-may-tinh-va-laptop/c28670,
1760,Tai Nghe Có Dây,1804,tai-nghe-co-day,/tai-nghe-co-day/c1804,
3089,Tai Nghe Bluetooth,1811,tai-nghe-bluetooth,/tai-nghe-bluetooth/c1811,
5915,Loa Nghe Nhạc,1805,loa-nghe-nhac,/loa-nghe-nhac/c1805,
1563,Micro,28642,micro,/micro/c28642,
417,DAC và Amplifier Di Động,20170,dac-va-amplifier-di-dong,/dac-va-amplifier-di-dong/c20170,
358,Máy Thu và Máy Phát Âm Thanh,28656,may-thu-va-may-phat-am-thanh,/may-thu-va-may-phat-am-thanh/c28656,
5137,Phụ Kiện Âm Thanh,30374,phu-kien-am-thanh,/phu-kien-am-thanh/c30374,
1604,Đĩa Game,12676,dia-game,/dia-game/c12676,
247,Ghế Gaming,7273,ghe-gaming,/ghe-gaming/c7273,
260,Máy Chơi Game - Console,8251,may-choi-game-console,/may-choi-game-console/c8251,
737,Phụ Kiện Gaming,6742,phu-kien-gaming,/phu-kien-gaming/c6742,
354,Tay Bấm Game - Thiết Bị Điều Khiển,9013,tay-bam-game-thiet-bi-dieu-khien,/tay-bam-game-thiet-bi-dieu-khien/c9013,
16,Mắt Kính Thông Minh,8040,mat-kinh-thong-minh,/mat-kinh-thong-minh/c8040,
90,Thiết Bị Thực Tế Ảo VR,8042,thiet-bi-thuc-te-ao-vr,/thiet-bi-thuc-te-ao-vr/c8042,
679,Đồng Hồ Thông Minh,2657,dong-ho-thong-minh,/dong-ho-thong-minh/c2657,
80,Vòng Đeo Thông Minh - Vòng Theo Dõi Vận Động,8043,vong-deo-thong-minh-vong-theo-doi-van-dong,/vong-deo-thong-minh-vong-theo-doi-van-dong/c8043,
1593,Phụ Kiện Thiết Bị Đeo Thông Minh,28420,phu-kien-thiet-bi-deo-thong-minh,/phu-kien-thiet-bi-deo-thong-minh/c28420,
1038,Thiết Bị Số - Thiết Bị Thông Minh,28436,thiet-bi-so-thiet-bi-thong-minh,/thiet-bi-so-thiet-bi-thong-minh/c28436,
7679,Mạch Điện Lập Trình và Linh Kiện Điện Tử,20246,mach-dien-lap-trinh-va-linh-kien-dien-tu,/mach-dien-lap-trinh-va-linh-kien-dien-tu/c20246,
610,Thẻ Nhớ và Bộ Nhớ Mở Rộng,28448,the-nho-va-bo-nho-mo-rong,/the-nho-va-bo-nho-mo-rong/c28448,
63775,SIM Điện Thoại,10691,sim-dien-thoai,/sim-dien-thoai/c10691,
1279,Pin Sạc Dự Phòng,1821,pin-sac-du-phong,/pin-sac-du-phong/c1821,
3775,Dây Sạc - Dây Cáp,1823,day-sac-day-cap,/day-sac-day-cap/c1823,
3033,Adapter - Củ Sạc,3803,adapter-cu-sac,/adapter-cu-sac/c3803,
9638,Linh Kiện Thay Thế,20234,linh-kien-thay-the,/linh-kien-thay-the/c20234,
1107,Dụng Cụ Sửa Chữa và Vệ Sinh,20242,dung-cu-sua-chua-va-ve-sinh,/dung-cu-sua-chua-va-ve-sinh/c20242,
4856,Giá Đỡ - Chân Đế - Móc Dán,20220,gia-do-chan-de-moc-dan,/gia-do-chan-de-moc-dan/c20220,
492,Túi Bảo Vệ - Túi Chống Nước,20236,tui-bao-ve-tui-chong-nuoc,/tui-bao-ve-tui-chong-nuoc/c20236,
1957,Hộp Đựng - Túi Đựng Phụ Kiện,20244,hop-dung-tui-dung-phu-kien,/hop-dung-tui-dung-phu-kien/c20244,
33,Vòng Đeo - Đai Đeo,20240,vong-deo-dai-deo,/vong-deo-dai-deo/c20240,
295,Dây Đeo và Phụ Kiện Trang Trí,20222,day-deo-va-phu-kien-trang-tri,/day-deo-va-phu-kien-trang-tri/c20222,
15728,Miếng Dán Màn Hình,1824,mieng-dan-man-hinh,/mieng-dan-man-hinh/c1824,
904953,Bao Da - Ốp Lưng,1822,bao-da-op-lung,/bao-da-op-lung/c1822,
360,Bàn Phím Rời - Bút Cảm Ứng,20238,ban-phim-roi-but-cam-ung,/ban-phim-roi-but-cam-ung/c20238,
712,Phụ Kiện Chụp Hình,28620,phu-kien-chup-hinh,/phu-kien-chup-hinh/c28620,
203,Phụ Kiện Chơi Game,28624,phu-kien-choi-game,/phu-kien-choi-game/c28624,
1126,Phụ Kiện Di Động Khác,1819,phu-kien-di-dong-khac,/phu-kien-di-dong-khac/c1819,
1825,Dụng Cụ Vệ Sinh và Sửa Chữa,28672,dung-cu-ve-sinh-va-sua-chua,/dung-cu-ve-sinh-va-sua-chua/c28672,
6577,Phụ Kiện Laptop,7795,phu-kien-laptop,/phu-kien-laptop/c7795,
322,Webcam Máy Tính,4880,webcam-may-tinh,/webcam-may-tinh/c4880,
175,Bút Trình Chiếu,28688,but-trinh-chieu,/but-trinh-chieu/c28688,
1888,Bàn Di Chuột - Miếng Lót Chuột,1831,ban-di-chuot-mieng-lot-chuot,/ban-di-chuot-mieng-lot-chuot/c1831,
3130,Phụ Kiện Phím Chuột Văn Phòng,28690,phu-kien-phim-chuot-van-phong,/phu-kien-phim-chuot-van-phong/c28690,
3428,Phụ Kiện Phím Chuột Chơi Game,28692,phu-kien-phim-chuot-choi-game,/phu-kien-phim-chuot-choi-game/c28692,
701,Tai Nghe Máy Tính,28702,tai-nghe-may-tinh,/tai-nghe-may-tinh/c28702,
228,Công Cụ Đồ Họa - Thiết Bị Cảm Ứng,28706,cong-cu-do-hoa-thiet-bi-cam-ung,/cong-cu-do-hoa-thiet-bi-cam-ung/c28706,
6590,Các Loại Cáp Chuyển Đổi,12296,cac-loai-cap-chuyen-doi,/cac-loai-cap-chuyen-doi/c12296,
411,Nhà hàng - Ăn uống,11313,nha-hang-an-uong,/nha-hang-an-uong/c11313,
1114,Du lịch - Khách sạn,11319,du-lich-khach-san,/du-lich-khach-san/c11319,
458,Spa & Làm đẹp,11322,spa-lam-dep,/spa-lam-dep/c11322,
111,Sự kiện - Giải trí,11327,su-kien-giai-tri,/su-kien-giai-tri/c11327,
7,Sự kiện - Thể thao,11333,su-kien-the-thao,/su-kien-the-thao/c11333,
210,Nha khoa - Sức khỏe,11326,nha-khoa-suc-khoe,/nha-khoa-suc-khoe/c11326,
1665,Khóa học,11332,khoa-hoc,/khoa-hoc/c11332,
1174,Dịch vụ khác,11334,dich-vu-khac,/dich-vu-khac/c11334,
83,TicketBox,46516,ticketbox ticket-box,/ticketbox ticket-box/c46516,
26,Buffet,11314,buffet,/buffet/c11314,
129,Nhà hàng - Quán ăn,11316,nha-hang-quan-an,/nha-hang-quan-an/c11316,
56,Cafe - Kem - Bánh,11317,cafe-kem-banh,/cafe-kem-banh/c11317,
1,Bar - Beer club,11318,bar-beer-club,/bar-beer-club/c11318,
196,Nhà hàng,24390,nha-hang,/nha-hang/c24390,
2,Quán ăn,24392,quan-an,/quan-an/c24392,
1,Voucher ẩm thực khác,24394,voucher-am-thuc-khac,/voucher-am-thuc-khac/c24394,
343,Khách sạn - Resort,11320,khach-san-resort,/khach-san-resort/c11320,
626,Tour du lịch,11321,tour-du-lich,/tour-du-lich/c11321,
45,Sim 3G/4G - Bộ phát Wifi,24378,sim-3g4g-bo-phat-wifi,/sim-3g4g-bo-phat-wifi/c24378,
100,Vé tham quan - du lịch,24380,ve-tham-quan-du-lich,/ve-tham-quan-du-lich/c24380,
122,Spa - Thẩm mỹ viện,11323,spa-tham-my-vien,/spa-tham-my-vien/c11323,
66,Salon làm đẹp,11325,salon-lam-dep,/salon-lam-dep/c11325,
27,Phòng tập,13360,phong-tap,/phong-tap/c13360,
172,Chăm sóc da mặt,24396,cham-soc-da-mat,/cham-soc-da-mat/c24396,
62,Massage Body - Foot,24398,massage-body-foot,/massage-body-foot/c24398,
9,Phẫu thuật thẩm mỹ,24400,phau-thuat-tham-my,/phau-thuat-tham-my/c24400,
33,Ca nhạc - Phim - Kịch,11328,ca-nhac-phim-kich,/ca-nhac-phim-kich/c11328,
40,Vui chơi - Giải trí,11329,vui-choi-giai-tri,/vui-choi-giai-tri/c11329,
36,Studio - Chụp ảnh,11330,studio-chup-anh,/studio-chup-anh/c11330,
2,Hội thảo,11331,hoi-thao,/hoi-thao/c11331,
72,Nha khoa,13368,nha-khoa,/nha-khoa/c13368,
138,Khám sức khỏe tổng quát,13370,kham-suc-khoe-tong-quat,/kham-suc-khoe-tong-quat/c13370,
813,Khóa học online,12744,khoa-hoc-online,/khoa-hoc-online/c12744,
534,Khóa học ngoại ngữ,13384,khoa-hoc-ngoai-ngu,/khoa-hoc-ngoai-ngu/c13384,
88,Khóa học nghệ thuật và chủ đề khác,13388,khoa-hoc-nghe-thuat-va-chu-de-khac,/khoa-hoc-nghe-thuat-va-chu-de-khac/c13388,
84,Khóa học IT và lập trình,13382,khoa-hoc-it-va-lap-trinh,/khoa-hoc-it-va-lap-trinh/c13382,
60,Khóa học kinh doanh - marketing,13374,khoa-hoc-kinh-doanh-marketing,/khoa-hoc-kinh-doanh-marketing/c13374,
33,Khóa học nuôi dạy con và kỹ năng cho bé,13386,khoa-hoc-nuoi-day-con-va-ky-nang-cho-be,/khoa-hoc-nuoi-day-con-va-ky-nang-cho-be/c13386,
28,Khóa học vi tính văn phòng,13376,khoa-hoc-vi-tinh-van-phong,/khoa-hoc-vi-tinh-van-phong/c13376,
21,Khóa học Kế toán - Tài chính - Đầu tư,13378,khoa-hoc-ke-toan-tai-chinh-dau-tu,/khoa-hoc-ke-toan-tai-chinh-dau-tu/c13378,
4,Khóa học thiết kế đồ họa và video,13380,khoa-hoc-thiet-ke-do-hoa-va-video,/khoa-hoc-thiet-ke-do-hoa-va-video/c13380,
810,Xe máy,8597,xe-may,/xe-may/c8597,
832,Xe điện,6070,xe-dien,/xe-dien/c6070,
1196,Xe đạp,8431,xe-dap,/xe-dap/c8431,
35,Xe Scooter,8435,xe-scooter,/xe-scooter/c8435,
15,Ô tô,8595,o-to,/o-to/c8595,
141515,Phụ kiện - Chăm sóc xe,24832,phu-kien-cham-soc-xe,/phu-kien-cham-soc-xe/c24832,
1042,"Dịch vụ, lắp đặt",17208,dich-vu-lap-dat,/dich-vu-lap-dat/c17208,
432,Xe tay ga,11878,xe-tay-ga,/xe-tay-ga/c11878,
140,Xe số,11882,xe-so,/xe-so/c11882,
73,Xe côn tay,11884,xe-con-tay,/xe-con-tay/c11884,
67,Xe mô tô,11888,xe-mo-to,/xe-mo-to/c11888,
88,Xe 50cc,13100,xe-50cc,/xe-50cc/c13100,
3,Phiếu mua xe mô tô,37596,phieu-mua-xe-mo-to,/phieu-mua-xe-mo-to/c37596,
7,Phiếu mua xe máy,37598,phieu-mua-xe-may,/phieu-mua-xe-may/c37598,
279,Xe máy điện,6072,xe-may-dien,/xe-may-dien/c6072,
249,Xe đạp điện,6071,xe-dap-dien,/xe-dap-dien/c6071,
83,Xe thăng bằng,11890,xe-thang-bang,/xe-thang-bang/c11890,
221,Phụ kiện xe điện,6073,phu-kien-xe-dien,/phu-kien-xe-dien/c6073,
491,Xe đạp thể thao,11892,xe-dap-the-thao,/xe-dap-the-thao/c11892,
72,Xe đạp thông dụng,11894,xe-dap-thong-dung,/xe-dap-thong-dung/c11894,
101,Xe đạp đua,11898,xe-dap-dua,/xe-dap-dua/c11898,
65,Xe đạp thời trang,11896,xe-dap-thoi-trang,/xe-dap-thoi-trang/c11896,
42,Xe đạp gấp,11900,xe-dap-gap,/xe-dap-gap/c11900,
3,Xe đạp Fixed Gear,11914,xe-dap-fixed-gear,/xe-dap-fixed-gear/c11914,
422,Xe đạp trẻ em,11902,xe-dap-tre-em,/xe-dap-tre-em/c11902,
6,Sedan,37600,sedan,/sedan/c37600,
4,SUV,37606,suv,/suv/c37606,
1,MPV,37608,mpv,/mpv/c37608,
1,Bán tải,37612,ban-tai,/ban-tai/c37612,
1,Xe tải,37622,xe-tai,/xe-tai/c37622,
1,Phiếu mua xe ô tô từ 200 triệu trở lên,37630,phieu-mua-xe-o-to-tu-200-trieu-tro-len,/phieu-mua-xe-o-to-tu-200-trieu-tro-len/c37630,
1,Phiếu mua xe ô tô dưới 200 triệu,37632,phieu-mua-xe-o-to-duoi-200-trieu,/phieu-mua-xe-o-to-duoi-200-trieu/c37632,
2554,Mũ bảo hiểm,11906,mu-bao-hiem,/mu-bao-hiem/c11906,
38594,Phụ kiện xe máy,6061,phu-kien-xe-may,/phu-kien-xe-may/c6061,
11306,Phụ tùng xe máy,45476,phu-tung-xe-may,/phu-tung-xe-may/c45476,
1335,Chăm sóc xe máy,45498,cham-soc-xe-may,/cham-soc-xe-may/c45498,
1339,Đồ bảo hộ đi xe,45522,do-bao-ho-di-xe,/do-bao-ho-di-xe/c45522,
3266,Phụ kiện - Đồ nghề xe đạp,11904,phu-kien-do-nghe-xe-dap,/phu-kien-do-nghe-xe-dap/c11904,
50887,Phụ kiện ô tô,6045,phu-kien-o-to,/phu-kien-o-to/c6045,
3795,Máy rửa xe,45606,may-rua-xe,/may-rua-xe/c45606,
19589,Phụ tùng ô tô,6052,phu-tung-o-to,/phu-tung-o-to/c6052,
8837,Chăm sóc ô tô,24362,cham-soc-o-to,/cham-soc-o-to/c24362,
8,Lắp đặt mâm lốp,17224,lap-dat-mam-lop,/lap-dat-mam-lop/c17224,
966,"Lắp đặt phụ tùng, phụ kiện",17226,lap-dat-phu-tung-phu-kien,/lap-dat-phu-tung-phu-kien/c17226,
6,Dịch vụ sơn xe,23116,dich-vu-son-xe,/dich-vu-son-xe/c23116,
62,"Dịch vụ bảo trì, sửa chữa",23118,dich-vu-bao-tri-sua-chua,/dich-vu-bao-tri-sua-chua/c23118,
19101,English Books,320,sach-tieng-anh,/sach-tieng-anh/c320,
214522,Sách tiếng Việt,316,sach-truyen-tieng-viet,/sach-truyen-tieng-viet/c316,
57841,Văn phòng phẩm,7741,van-phong-pham-qua-luu-niem,/van-phong-pham-qua-luu-niem/c7741,
45156,Quà lưu niệm,18328,qua-luu-niem,/qua-luu-niem/c18328,
305,Art & Photography,623,art-photography,/art-photography/c623,
247,Biographies & Memoirs,27,biographies-memoirs,/biographies-memoirs/c27,
686,Business & Economics,4,business-economics,/business-economics/c4,
743,How-to - Self Help,614,self-help,/self-help/c614,
7500,Children's Books,7,children-books,/children-books/c7,
92,Dictionary,282,dictionary,/dictionary/c282,
4292,Education - Teaching,5308,education-teaching,/education-teaching/c5308,
4322,Fiction - Literature,9,fiction-literature,/fiction-literature/c9,
35,Magazines,6445,magazines,/magazines/c6445,
17,Medical Books,218,medical-books,/medical-books/c218,
29,Parenting & Relationships,28,parenting-relationships,/parenting-relationships/c28,
221,Reference,5309,reference,/reference/c5309,
158,Science - Technology,269,science-technology,/science-technology/c269,
230,"History, Politics & Social Sciences",632,history-politics-social-sciences,/history-politics-social-sciences/c632,
85,Travel & Holiday,32,travel-holiday,/travel-holiday/c32,
108,"Cookbooks, Food & Wine",21,cookbooks-food-wine,/cookbooks-food-wine/c21,
36489,Sách văn học,839,sach-van-hoc,/sach-van-hoc/c839,
19895,Sách kinh tế,846,sach-kinh-te,/sach-kinh-te/c846,
36564,Sách thiếu nhi ,393,sach-truyen-thieu-nhi,/sach-truyen-thieu-nhi/c393,
30571,Sách kỹ năng sống,870,sach-ky-nang-song,/sach-ky-nang-song/c870,
6844,Sách Bà mẹ - Em bé,2527,sach-ba-me-em-be,/sach-ba-me-em-be/c2527,
2599,Sách Giáo Khoa - Giáo Trình,2321,sach-giao-khoa-giao-trinh,/sach-giao-khoa-giao-trinh/c2321,
11723,Sách Học Ngoại Ngữ,887,ngoai-ngu-tu-dien,/ngoai-ngu-tu-dien/c887,
20461,Sách Tham Khảo,2320,sach-tham-khao,/sach-tham-khao/c2320,
801,Từ Điển,897,tu-dien,/tu-dien/c897,
10627,Sách Kiến Thức Tổng Hợp,873,sach-kien-thuc-tong-hop,/sach-kien-thuc-tong-hop/c873,
1888,Sách Khoa Học - Kỹ Thuật,879,khoa-hoc-ky-thuat,/khoa-hoc-ky-thuat/c879,
3992,Sách Lịch sử,880,lich-su-dia-ly,/lich-su-dia-ly/c880,
1356,Điện Ảnh - Nhạc - Họa,881,dien-anh-nhac-hoa,/dien-anh-nhac-hoa/c881,
9373,"Truyện Tranh, Manga, Comic",1084,truyen-tranh,/truyen-tranh/c1084,
5875,Sách Tôn Giáo - Tâm Linh,861,ton-giao-tam-linh,/ton-giao-tam-linh/c861,
1866,Sách Văn Hóa - Địa Lý - Du Lịch,857,sach-van-hoa-dia-ly-du-lich,/sach-van-hoa-dia-ly-du-lich/c857,
4465,Sách Chính Trị - Pháp Lý,875,chinh-tri-phap-ly,/chinh-tri-phap-ly/c875,
147,Sách Nông - Lâm - Ngư Nghiệp,882,nong-lam-ngu-nghiep,/nong-lam-ngu-nghiep/c882,
505,Sách Công Nghệ Thông Tin,876,cong-nghe-thong-tin,/cong-nghe-thong-tin/c876,
3633,Sách Y Học,885,y-hoc,/y-hoc/c885,
653,Tạp Chí - Catalogue,1468,tap-chi-catalogue,/tap-chi-catalogue/c1468,
1203,Sách Tâm lý - Giới tính,868,tam-ly-gioi-tinh,/tam-ly-gioi-tinh/c868,
2290,Sách Thường Thức - Gia Đình,862,sach-thuong-thuc-gia-dinh,/sach-thuong-thuc-gia-dinh/c862,
461,Thể Dục - Thể Thao,6905,the-duc-the-thao,/the-duc-the-thao/c6905,
19492,Dụng Cụ Văn Phòng,1862,thiet-bi-van-phong,/thiet-bi-van-phong/c1862,
10041,Bút - Viết các loại,1858,vpp-but-viet,/vpp-but-viet/c1858,
4377,Bút Chì Màu - Bút Lông Màu - Sáp Màu,2538,but-mau-but-sap,/but-mau-but-sap/c2538,
8184,Dụng Cụ Học Sinh,2365,dung-cu-hoc-sinh,/dung-cu-hoc-sinh/c2365,
1009,Flashcards,1910,flashcard-hoc,/flashcard-hoc/c1910,
3925,Sổ Tay Các Loại,1899,so-tay-so-ghi-chep,/so-tay-so-ghi-chep/c1899,
1606,Tập vở các loại ,1907,tap-vo-cac-loai,/tap-vo-cac-loai/c1907,
1177,Văn Hóa Phẩm,2333,cd-dvd,/cd-dvd/c2333,
421,Thiết Bị Giáo Dục Trường Học,6210,thiet-bi-giao-duc-truong-hoc,/thiet-bi-giao-duc-truong-hoc/c6210,
1433,Balo Học Sinh - Cặp học sinh,5674,balo-hoc-sinh-cap-hoc-sinh,/balo-hoc-sinh-cap-hoc-sinh/c5674,
387,Máy Tính Điện Tử,2452,may-tinh-dien-tu,/may-tinh-dien-tu/c2452,
671,Lịch,3892,lich,/lich/c3892,
136,Bút Kỹ Thuật,16458,but-ky-thuat,/but-ky-thuat/c16458,
4339,Sản phẩm về giấy,2368,san-pham-ve-giay,/san-pham-ve-giay/c2368,
643,Thiết bị văn phòng,18398,thiet-bi-van-phong,/thiet-bi-van-phong/c18398,
1951,Thú Nhồi Bông,4624,thu-bong,/thu-bong/c4624,https://salt.tikicdn.com/cache/w100/ts/category/2c/2b/40/bc93bc29a5ef6d4f2425c50361a2634a.png
490,Bookmark,6225,bookmark,/bookmark/c6225,
3958,Thiệp - Bưu ảnh,6541,thiep-buu-anh,/thiep-buu-anh/c6541,
1199,Quà tặng trang sức,18330,qua-tang-trang-suc,/qua-tang-trang-suc/c18330,
1100,Album - Khung Hình,8264,album-khung-hinh,/album-khung-hinh/c8264,
3944,Mô hình trang trí,18332,mo-hinh-trang-tri,/mo-hinh-trang-tri/c18332,
4896,Sticker - Decal trang trí,18334,sticker-decal-trang-tri,/sticker-decal-trang-tri/c18334,
935,Ly - Cốc,6246,ly-coc,/ly-coc/c6246,
165,Kẹp Ảnh Gỗ,6226,kep-anh-go,/kep-anh-go/c6226,
3094,Hộp quà - Túi quà,18346,hop-qua-tui-qua,/hop-qua-tui-qua/c18346,
1664,Tượng,6215,tuong,/tuong/c6215,
6685,Móc Khóa - Phụ Kiện Trang Trí,8265,moc-khoa-phu-kien-trang-tri,/moc-khoa-phu-kien-trang-tri/c8265,
30,Đồng Hồ Cát,6212,dong-ho-cat,/dong-ho-cat/c6212,
128,Quả Cầu Tuyết,6213,qua-cau-tuyet,/qua-cau-tuyet/c6213,
72,Hộp Nhạc,6214,hop-nhac,/hop-nhac/c6214,
9759,Phụ kiện - Vật liệu trang trí,18342,phu-kien-vat-lieu-trang-tri,/phu-kien-vat-lieu-trang-tri/c18342,
4582,Quà tặng trang trí khác,18344,qua-tang-trang-tri-khac,/qua-tang-trang-tri-khac/c18344,
330,Gương mini,25706,guong-mini,/guong-mini/c25706,
1052,Tivi,5015,tivi,/tivi/c5015,
8926,Âm thanh & Phụ kiện Tivi,26568,am-thanh-phu-kien-tivi,/am-thanh-phu-kien-tivi/c26568,
933,Máy giặt,3862,may-giat,/may-giat/c3862,
136,Máy sấy quần áo,3863,may-say-quan-ao,/may-say-quan-ao/c3863,
405,Máy rửa chén,3864,may-rua-chen,/may-rua-chen/c3864,
1000,Máy lạnh - Máy điều hòa,3865,may-lanh-may-dieu-hoa,/may-lanh-may-dieu-hoa/c3865,
497,Máy nước nóng,3866,may-nuoc-nong,/may-nuoc-nong/c3866,
1283,Tủ lạnh,2328,tu-lanh,/tu-lanh/c2328,
664,Tủ đông - Tủ mát,3868,tu-dong-tu-mat,/tu-dong-tu-mat/c3868,
67,Tủ ướp rượu,3869,tu-uop-ruou,/tu-uop-ruou/c3869,
4797,Phụ kiện điện lạnh,8074,phu-kien-dien-lanh,/phu-kien-dien-lanh/c8074,
43,Tivi cao cấp,12900,tivi-cao-cap,/tivi-cao-cap/c12900,
649,Smart Tivi - Android Tivi,4239,smart-tivi-android-tivi,/smart-tivi-android-tivi/c4239,
1,Internet Tivi,11524,internet-tivi,/internet-tivi/c11524,
216,Tivi 4K,6280,tivi-4k,/tivi-4k/c6280,
20,Tivi thường (LED),4236,tivi-thuong-led,/tivi-thuong-led/c4236,
73,Tivi QLED,8950,tivi-qled,/tivi-qled/c8950,
50,Tivi OLED,7603,tivi-oled,/tivi-oled/c7603,
298,"Android TV Box, Smart Box",7074,android-tv-box-smart-box,/android-tv-box-smart-box/c7074,
182,Thiết bị phát Streaming,28858,thiet-bi-phat-streaming,/thiet-bi-phat-streaming/c28858,
2401,Loa,7075,loa,/loa/c7075,
180,Dàn âm thanh ,4966,dan-am-thanh,/dan-am-thanh/c4966,
1021,"Receivers, Amplifier, Mixer",7079,receivers-amplifier-mixer,/receivers-amplifier-mixer/c7079,
42,Bộ giải mã âm thanh DAC,28872,bo-giai-ma-am-thanh-dac,/bo-giai-ma-am-thanh-dac/c28872,
1319,Micro Karaoke - sân khấu,26652,micro-karaoke-san-khau,/micro-karaoke-san-khau/c26652,
67,"Đầu CD, DVD, karaoke, Blu-ray",7077,dau-cd-dvd-karaoke-blu-ray,/dau-cd-dvd-karaoke-blu-ray/c7077,
199,Máy radio cassette,7078,may-radio-cassette,/may-radio-cassette/c7078,
1639,Phụ kiện Tivi,7082,phu-kien-tivi,/phu-kien-tivi/c7082,
1578,Phụ kiện âm thanh,8068,phu-kien-am-thanh,/phu-kien-am-thanh/c8068,
226,"Phụ kiện, linh kiện tủ lạnh",28884,phu-kien-linh-kien-tu-lanh,/phu-kien-linh-kien-tu-lanh/c28884,
1258,"Phụ kiện, linh kiện máy lạnh",28886,phu-kien-linh-kien-may-lanh,/phu-kien-linh-kien-may-lanh/c28886,
23,"Phụ kiện, linh kiện máy nước nóng",28888,phu-kien-linh-kien-may-nuoc-nong,/phu-kien-linh-kien-may-nuoc-nong/c28888,
1066,"Phụ kiện, linh kiện máy giặt",28890,phu-kien-linh-kien-may-giat,/phu-kien-linh-kien-may-giat/c28890,
2224,"Phụ kiện, linh kiện điện lạnh khác",28892,phu-kien-linh-kien-dien-lanh-khac,/phu-kien-linh-kien-dien-lanh-khac/c28892,
2557,Các môn thể thao chơi vợt,8411,cac-mon-the-thao-choi-vot,/cac-mon-the-thao-choi-vot/c8411,
3208,Các môn thể thao đồng đội,4227,the-thao-dong-doi,/the-thao-dong-doi/c4227,
1297,Các môn thể thao đối kháng ,23120,cac-mon-the-thao-doi-khang,/cac-mon-the-thao-doi-khang/c23120,
7531,Các môn thể thao khác,24002,cac-mon-the-thao-khac,/cac-mon-the-thao-khac/c24002,
10072,Dụng cụ - thiết bị tập thể thao,24128,dung-cu-thiet-bi-tap-the-thao,/dung-cu-thiet-bi-tap-the-thao/c24128,
5796,Giày thể thao nam,6826,giay-the-thao-nam,/giay-the-thao-nam/c6826,
8367,Trang phục thể thao nam,6140,trang-phuc-the-thao-nam,/trang-phuc-the-thao-nam/c6140,
672,Giày thể thao nữ,6827,giay-the-thao-nu,/giay-the-thao-nu/c6827,
6572,Trang phục thể thao nữ,6141,trang-phuc-the-thao-nu,/trang-phuc-the-thao-nu/c6141,
106,Dụng cụ leo núi,24258,dung-cu-leo-nui,/dung-cu-leo-nui/c24258,
11165,Đồ dùng dã ngoại,8428,do-dung-da-ngoai,/do-dung-da-ngoai/c8428,
68059,Dụng cụ câu cá,24294,dung-cu-cau-ca,/dung-cu-cau-ca/c24294,
8646,Phụ kiện thể thao,24306,phu-kien-the-thao,/phu-kien-the-thao/c24306,
3752,Thể thao dưới nước,8413,the-thao-duoi-nuoc,/the-thao-duoi-nuoc/c8413,
515,Thực phẩm bổ sung năng lượng,10803,thuc-pham-bo-sung-nang-luong,/thuc-pham-bo-sung-nang-luong/c10803,
1071,Bóng bàn,1977,bong-ban,/bong-ban/c1977,
1285,Cầu lông,8438,cau-long,/cau-long/c8438,https://salt.tikicdn.com/cache/w100/ts/category/c2/d0/0f/abc08942fddcab560aa21c1692443aea.jpg
201,Tennis,8440,tennis,/tennis/c8440,https://salt.tikicdn.com/cache/w100/ts/category/71/c8/5f/adc0cdf4d67329a72538da8aac926ea1.jpg
76,Bóng chày,8443,bong-chay,/bong-chay/c8443,https://salt.tikicdn.com/cache/w100/ts/category/7a/d2/a6/0535b7fa3ce36e9de95ea633885a9be2.jpg
452,Bóng rổ,2980,bong-ro,/bong-ro/c2980,
2358,Bóng Đá,2981,bong-da,/bong-da/c2981,https://salt.tikicdn.com/cache/w100/ts/category/f7/cd/fe/2fa99bddb8f30c069fd325faf2fbab46.jpg
218,Bóng chuyền,8444,bong-chuyen,/bong-chuyen/c8444,
104,Cầu Đá - Cầu Mây,2156,cau-da-cau-may,/cau-da-cau-may/c2156,
274,Boxing,23948,boxing,/boxing/c23948,
7,Kick Boxing,23950,kick-boxing,/kick-boxing/c23950,
16,Muay Thái,23952,muay-thai,/muay-thai/c23952,
2,MMA,23954,mma,/mma/c23954,
10,Karatedo,23956,karatedo,/karatedo/c23956,
2,Aikido,23958,aikido,/aikido/c23958,
5,Taekwondo,23966,taekwondo,/taekwondo/c23966,
1,Judo,23970,judo,/judo/c23970,
9,Vovinam,23972,vovinam,/vovinam/c23972,
6,Võ cổ truyền,23974,vo-co-truyen,/vo-co-truyen/c23974,
51,Thể dục dụng cụ,8445,the-duc-dung-cu,/the-duc-dung-cu/c8445,
1,Bowling,24036,bowling,/bowling/c24036,
337,Bida,24052,bida,/bida/c24052,
136,Phóng phi tiêu,24058,phong-phi-tieu,/phong-phi-tieu/c24058,
10,Bộ môn ném đĩa,24060,bo-mon-nem-dia,/bo-mon-nem-dia/c24060,
2552,Golf,24064,golf,/golf/c24064,
985,Trượt patin,24068,truot-patin,/truot-patin/c24068,
2840,Yoga,24074,yoga,/yoga/c24074,
619,Trượt ván,8437,truot-van,/truot-van/c8437,
222,Máy chạy bộ,24130,may-chay-bo,/may-chay-bo/c24130,
391,Xe đạp tập,24132,xe-dap-tap,/xe-dap-tap/c24132,
58,Máy rung giảm cân,24134,may-rung-giam-can,/may-rung-giam-can/c24134,
224,Giàn tạ đa năng,24136,gian-ta-da-nang,/gian-ta-da-nang/c24136,
652,Xà đơn,24138,xa-don,/xa-don/c24138,
79,Xà kép,24140,xa-kep,/xa-kep/c24140,
2654,"Dụng cụ - Thiết bị tập bụng, eo",24142,dung-cu-thiet-bi-tap-bung-eo,/dung-cu-thiet-bi-tap-bung-eo/c24142,
699,Dây nhảy,24152,day-nhay,/day-nhay/c24152,
1332,Tạ tập,3323,ta-tay-ta-mieng,/ta-tay-ta-mieng/c3323,
1016,Dây đàn hồi tập gym,24164,day-dan-hoi-tap-gym,/day-dan-hoi-tap-gym/c24164,
623,Dụng cụ tập cơ tay,24166,dung-cu-tap-co-tay,/dung-cu-tap-co-tay/c24166,
328,Dụng cụ hít đất,24168,dung-cu-hit-dat,/dung-cu-hit-dat/c24168,
1798,Dụng cụ tập thể thao khác,24170,dung-cu-tap-the-thao-khac,/dung-cu-tap-the-thao-khac/c24170,
738,Giày chạy bộ nam,24174,giay-chay-bo-nam,/giay-chay-bo-nam/c24174,
95,Giày bóng chuyền nam,24176,giay-bong-chuyen-nam,/giay-bong-chuyen-nam/c24176,
3898,Giày đá bóng nam,24178,giay-da-bong-nam,/giay-da-bong-nam/c24178,
364,Giày cầu lông nam,24180,giay-cau-long-nam,/giay-cau-long-nam/c24180,
68,Giày tennis nam,24182,giay-tennis-nam,/giay-tennis-nam/c24182,
90,Giày bóng rổ nam,24184,giay-bong-ro-nam,/giay-bong-ro-nam/c24184,
78,Giày bóng bàn nam,24186,giay-bong-ban-nam,/giay-bong-ban-nam/c24186,
48,Giày leo núi nam,24188,giay-leo-nui-nam,/giay-leo-nui-nam/c24188,
89,Giày đánh golf nam,24190,giay-danh-golf-nam,/giay-danh-golf-nam/c24190,
330,Giày thể thao nam khác,30964,giay-the-thao-nam-khac,/giay-the-thao-nam-khac/c30964,
2276,Áo thể thao nam,24196,ao-the-thao-nam,/ao-the-thao-nam/c24196,
1731,Quần thể thao nam,24198,quan-the-thao-nam,/quan-the-thao-nam/c24198,
3735,Quần áo đá banh nam,24200,quan-ao-da-banh-nam,/quan-ao-da-banh-nam/c24200,
261,Quần áo cầu lông nam,24202,quan-ao-cau-long-nam,/quan-ao-cau-long-nam/c24202,
166,Quần áo golf nam,24204,quan-ao-golf-nam,/quan-ao-golf-nam/c24204,
26,Quần áo tennis nam,24206,quan-ao-tennis-nam,/quan-ao-tennis-nam/c24206,
6,Quần áo bóng bàn nam,24208,quan-ao-bong-ban-nam,/quan-ao-bong-ban-nam/c24208,
20,Quần áo bóng chuyền nam,24212,quan-ao-bong-chuyen-nam,/quan-ao-bong-chuyen-nam/c24212,
146,Quần áo bóng rổ nam,24214,quan-ao-bong-ro-nam,/quan-ao-bong-ro-nam/c24214,
471,Giày chạy bộ nữ,24218,giay-chay-bo-nu,/giay-chay-bo-nu/c24218,
15,Giày cầu lông nữ,24222,giay-cau-long-nu,/giay-cau-long-nu/c24222,
6,Giày tennis nữ,24224,giay-tennis-nu,/giay-tennis-nu/c24224,
5,Giày bóng rổ nữ,24226,giay-bong-ro-nu,/giay-bong-ro-nu/c24226,
15,Giày leo núi nữ,24228,giay-leo-nui-nu,/giay-leo-nui-nu/c24228,
2,Giày bóng chuyền nữ,24234,giay-bong-chuyen-nu,/giay-bong-chuyen-nu/c24234,
158,Giày thể thao nữ khác,32874,giay-the-thao-nu-khac,/giay-the-thao-nu-khac/c32874,
4031,Áo thể thao nữ,24238,ao-the-thao-nu,/ao-the-thao-nu/c24238,
2066,Quần thể thao nữ,24240,quan-the-thao-nu,/quan-the-thao-nu/c24240,
6,Quần áo đá banh nữ,24242,quan-ao-da-banh-nu,/quan-ao-da-banh-nu/c24242,
362,Quần áo golf nữ,24244,quan-ao-golf-nu,/quan-ao-golf-nu/c24244,
48,Quần áo cầu lông nữ,24246,quan-ao-cau-long-nu,/quan-ao-cau-long-nu/c24246,
22,Quần áo tennis nữ,24248,quan-ao-tennis-nu,/quan-ao-tennis-nu/c24248,
19,Quần áo bóng chuyền nữ,24254,quan-ao-bong-chuyen-nu,/quan-ao-bong-chuyen-nu/c24254,
1,Quần áo bóng rổ nữ,24256,quan-ao-bong-ro-nu,/quan-ao-bong-ro-nu/c24256,
35,Gậy leo núi,24260,gay-leo-nui,/gay-leo-nui/c24260,
18,Thiết bị hỗ trợ leo dây,24262,thiet-bi-ho-tro-leo-day,/thiet-bi-ho-tro-leo-day/c24262,
4,Dụng cụ bảo hộ leo núi,24264,dung-cu-bao-ho-leo-nui,/dung-cu-bao-ho-leo-nui/c24264,
28,Balo leo núi,24266,balo-leo-nui,/balo-leo-nui/c24266,
21,Phụ kiện leo núi khác,24268,phu-kien-leo-nui-khac,/phu-kien-leo-nui-khac/c24268,
201,Dao xếp đa năng,24272,dao-xep-da-nang,/dao-xep-da-nang/c24272,
105,Kìm đa năng,24274,kim-da-nang,/kim-da-nang/c24274,
2982,Bật lửa Zippo,24276,bat-lua-zippo,/bat-lua-zippo/c24276,
1265,"Lều trại, mái che",24278,leu-trai-mai-che,/leu-trai-mai-che/c24278,
571,Túi ngủ,24280,tui-ngu,/tui-ngu/c24280,
262,Thảm dã ngoại,24282,tham-da-ngoai,/tham-da-ngoai/c24282,
804,Đèn pin đội đầu,3242,den-pin-doi-dau,/den-pin-doi-dau/c3242,
51,La bàn,24284,la-ban,/la-ban/c24284,
509,"Trang phục, phụ kiện chống thấm nước",24286,trang-phuc-phu-kien-chong-tham-nuoc,/trang-phuc-phu-kien-chong-tham-nuoc/c24286,
1894,"Bàn, ghế xếp dã ngoại",24288,ban-ghe-xep-da-ngoai,/ban-ghe-xep-da-ngoai/c24288,
389,"Bếp, nồi dã ngoại",24290,bep-noi-da-ngoai,/bep-noi-da-ngoai/c24290,
2085,Đồ dùng dã ngoại khác,24292,do-dung-da-ngoai-khac,/do-dung-da-ngoai-khac/c24292,
20615,Cần câu,24296,can-cau,/can-cau/c24296,
16612,Lưỡi - Mồi - Phao,24298,luoi-moi-phao,/luoi-moi-phao/c24298,
5651,Dây câu,24300,day-cau,/day-cau/c24300,
4440,Máy câu,24302,may-cau,/may-cau/c24302,
20744,Dụng cụ câu cá khác,24304,dung-cu-cau-ca-khac,/dung-cu-cau-ca-khac/c24304,
521,Bình nước thể thao,8459,binh-nuoc-the-thao,/binh-nuoc-the-thao/c8459,
159,"Dụng cụ cổ động, cổ vũ",8451,dung-cu-co-dong-co-vu,/dung-cu-co-dong-co-vu/c8451,
50,Thiết bị điện tử thể thao,24308,thiet-bi-dien-tu-the-thao,/thiet-bi-dien-tu-the-thao/c24308,
58,Thiết bị sơ cứu,8458,thiet-bi-so-cuu,/thiet-bi-so-cuu/c8458,
332,Đai chạy bộ,24310,dai-chay-bo,/dai-chay-bo/c24310,
726,Túi thể thao,8456,tui-the-thao,/tui-the-thao/c8456,
1580,"Băng cổ tay, băng trán thể thao",12218,bang-co-tay-bang-tran-the-thao,/bang-co-tay-bang-tran-the-thao/c12218,
762,"Nón, mũ thể thao",24312,non-mu-the-thao,/non-mu-the-thao/c24312,
452,"Khăn đa năng, khăn thể thao",24314,khan-da-nang-khan-the-thao,/khan-da-nang-khan-the-thao/c24314,
629,Găng tay tập gym,24316,gang-tay-tap-gym,/gang-tay-tap-gym/c24316,
2958,Phụ kiện thể thao khác,24318,phu-kien-the-thao-khac,/phu-kien-the-thao-khac/c24318,
419,Vớ thể thao,39752,vo-the-thao,/vo-the-thao/c39752,
3413,Bơi lội,2157,boi-loi,/boi-loi/c2157,
8,Lướt ván,8447,luot-van,/luot-van/c8447,
155,Chèo thuyền,8448,cheo-thuyen,/cheo-thuyen/c8448,
66,Phao trượt,8450,phao-truot,/phao-truot/c8450,
110,Lặn biển,24328,lan-bien,/lan-bien/c24328,
66,Thực phẩm tăng cân,10804,thuc-pham-tang-can,/thuc-pham-tang-can/c10804,https://salt.tikicdn.com/cache/w100/ts/category/2b/3a/1a/a5b07a22be8f287b37cd0355130c69f1.jpg
11,Thực phẩm giảm cân,10805,thuc-pham-giam-can,/thuc-pham-giam-can/c10805,
178,Thực phẩm tăng cơ,10806,thuc-pham-tang-co,/thuc-pham-tang-co/c10806,
71,Thực phẩm tăng sức bền,10807,thuc-pham-tang-suc-ben,/thuc-pham-tang-suc-ben/c10807,
127,Bổ sung năng lượng,10808,bo-sung-nang-luong,/bo-sung-nang-luong/c10808,
4,Bổ sung vitamin,10809,bo-sung-vitamin,/bo-sung-vitamin/c10809,
35,Bổ sung năng lượng khác,24338,bo-sung-nang-luong-khac,/bo-sung-nang-luong-khac/c24338,
23,Bổ sung vitamin và điện giải,24340,bo-sung-vitamin-va-dien-giai,/bo-sung-vitamin-va-dien-giai/c24340,
76,Máy Ảnh,28806,may-anh,/may-anh/c28806,
4415,"Phụ Kiện Máy Ảnh, Máy Quay",1818,phu-kien-may-anh-may-quay,/phu-kien-may-anh-may-quay/c1818,
1121,Balo - Túi Đựng - Bao Da,1840,balo-tui-dung-bao-da,/balo-tui-dung-bao-da/c1840,
604,Ống Kính - Ống Ngắm,28794,ong-kinh-ong-ngam,/ong-kinh-ong-ngam/c28794,
282,Ống Kính (Lens),2757,ong-kinh-lens,/ong-kinh-lens/c2757,
676,Thiết Bị Ánh Sáng,28814,thiet-bi-anh-sang,/thiet-bi-anh-sang/c28814,
264,Thiết Bị Quay Phim,28822,thiet-bi-quay-phim,/thiet-bi-quay-phim/c28822,
5748,Camera Giám Sát,4077,camera-giam-sat,/camera-giam-sat/c4077,
105,Máy Bay Camera và Phụ Kiện,8047,may-bay-camera-va-phu-kien,/may-bay-camera-va-phu-kien/c8047,
984,Camera Hành Trình - Action Camera và Phụ Kiện,28834,camera-hanh-trinh-action-camera-va-phu-kien,/camera-hanh-trinh-action-camera-va-phu-kien/c28834,
22,Máy Ảnh Compact - Máy Ảnh Du Lịch,1808,may-anh-compact-may-anh-du-lich,/may-anh-compact-may-anh-du-lich/c1808,
16,Máy Ảnh DSLR,1809,may-anh-dslr,/may-anh-dslr/c1809,
29,Máy Ảnh Mirrorless,2658,may-anh-mirrorless,/may-anh-mirrorless/c2658,
9,Máy Ảnh Lấy Liền,2144,may-anh-lay-lien,/may-anh-lay-lien/c2144,
1,Máy Chụp Ảnh Phim,28808,may-chup-anh-phim,/may-chup-anh-phim/c28808,
611,"Pin - Sạc Máy Ảnh, Máy Quay",2662,pin-sac-may-anh-may-quay,/pin-sac-may-anh-may-quay/c2662,
70,Dụng Cụ Vệ Sinh Máy Ảnh,20260,dung-cu-ve-sinh-may-anh,/dung-cu-ve-sinh-may-anh/c20260,
1344,"Phụ Kiện Máy Ảnh, Máy Quay Khác",8054,phu-kien-may-anh-may-quay-khac,/phu-kien-may-anh-may-quay-khac/c8054,
83,Miếng Dán Bảo Vệ Màn Hình Máy Ảnh,20262,mieng-dan-bao-ve-man-hinh-may-anh,/mieng-dan-bao-ve-man-hinh-may-anh/c20262,
270,Kính Lọc - Filter,1841,kinh-loc-filter,/kinh-loc-filter/c1841,
12,Điều Khiển Từ Xa,28758,dieu-khien-tu-xa,/dieu-khien-tu-xa/c28758,
17,Phụ Kiện Cho Ống Kính,28756,phu-kien-cho-ong-kinh,/phu-kien-cho-ong-kinh/c28756,
108,Adapter - Ngàm Chuyển,20264,adapter-ngam-chuyen,/adapter-ngam-chuyen/c20264,
131,Lens Hood,20266,lens-hood,/lens-hood/c20266,
136,Gimbal,28760,gimbal,/gimbal/c28760,
51,Nắp Ống Kính,28762,nap-ong-kinh,/nap-ong-kinh/c28762,
5,Ngàm Gắn Máy Quay Trên Người,28764,ngam-gan-may-quay-tren-nguoi,/ngam-gan-may-quay-tren-nguoi/c28764,
166,"Túi Hút Ẩm Cho Máy Ảnh, Máy Quay",28766,tui-hut-am-cho-may-anh-may-quay,/tui-hut-am-cho-may-anh-may-quay/c28766,
131,Hộp Chụp Ảnh Sản Phẩm,28768,hop-chup-anh-san-pham,/hop-chup-anh-san-pham/c28768,
957,"Chân Máy Ảnh, Monopod, Tripod",2678,chan-may-anh-monopod-tripod,/chan-may-anh-monopod-tripod/c2678,
197,Thẻ Nhớ Máy Ảnh,1839,the-nho-may-anh,/the-nho-may-anh/c1839,
7,Thiết Bị Rửa Ảnh,28772,thiet-bi-rua-anh,/thiet-bi-rua-anh/c28772,
5,Film Máy Ảnh,28774,film-may-anh,/film-may-anh/c28774,
115,Thiết Bị Phòng Tối,28776,thiet-bi-phong-toi,/thiet-bi-phong-toi/c28776,
220,Hộp Đựng - Tủ Chống Ẩm,1843,hop-dung-tu-chong-am,/hop-dung-tu-chong-am/c1843,
93,"Bao Đựng Chống Sốc, Chống Nước",20270,bao-dung-chong-soc-chong-nuoc,/bao-dung-chong-soc-chong-nuoc/c20270,
284,"Dây Đeo Máy Ảnh, Máy Quay, Ống Nhòm",28780,day-deo-may-anh-may-quay-ong-nhom,/day-deo-may-anh-may-quay-ong-nhom/c28780,
194,Túi Đựng Máy Ảnh,28778,tui-dung-may-anh,/tui-dung-may-anh/c28778,
17,Túi và Hộp Đựng Máy Quay,28782,tui-va-hop-dung-may-quay,/tui-va-hop-dung-may-quay/c28782,
307,Túi và Hộp Đựng Máy Ảnh,28784,tui-va-hop-dung-may-anh,/tui-va-hop-dung-may-anh/c28784,
2,Hộp Đựng Filter,28786,hop-dung-filter,/hop-dung-filter/c28786,
1,Hộp Đựng Lens,28788,hop-dung-lens,/hop-dung-lens/c28788,
2,Túi Đựng Kính Viễn Vọng,28790,tui-dung-kinh-vien-vong,/tui-dung-kinh-vien-vong/c28790,
1,Túi Đựng Chân Đế Tripod và Monopod,28792,tui-dung-chan-de-tripod-va-monopod,/tui-dung-chan-de-tripod-va-monopod/c28792,
362,Ống Nhòm,20268,ong-nhom,/ong-nhom/c20268,
1,Ống Ngắm,28796,ong-ngam,/ong-ngam/c28796,
148,Kính Hiển Vi,28798,kinh-hien-vi,/kinh-hien-vi/c28798,
2,Kính Nhìn Đêm,28800,kinh-nhin-dem,/kinh-nhin-dem/c28800,
59,Kính Viễn Vọng - Kính Thiên Văn,28802,kinh-vien-vong-kinh-thien-van,/kinh-vien-vong-kinh-thien-van/c28802,
32,"Phụ Kiện Ống Kính, Ống Ngắm",28804,phu-kien-ong-kinh-ong-ngam,/phu-kien-ong-kinh-ong-ngam/c28804,
282,Ống Kính Máy Ảnh,28812,ong-kinh-may-anh,/ong-kinh-may-anh/c28812,
374,Đèn Chiếu Sáng Studio,28816,den-chieu-sang-studio,/den-chieu-sang-studio/c28816,
4,Máy Đo Sáng và Phụ Kiện,28818,may-do-sang-va-phu-kien,/may-do-sang-va-phu-kien/c28818,
171,Đèn Flash và Phụ Kiện,4075,den-flash-va-phu-kien,/den-flash-va-phu-kien/c4075,
127,Thiết Bị Phản Sáng và Phụ Kiện,28820,thiet-bi-phan-sang-va-phu-kien,/thiet-bi-phan-sang-va-phu-kien/c28820,
11,Máy Quay Phim,4074,may-quay-phim,/may-quay-phim/c4074,
4,Máy Quay Phim Chuyên Dụng,28824,may-quay-phim-chuyen-dung,/may-quay-phim-chuyen-dung/c28824,
51,Micro Cho Máy Quay,28826,micro-cho-may-quay,/micro-cho-may-quay/c28826,
198,Phụ Kiện Máy Quay Khác,28828,phu-kien-may-quay-khac,/phu-kien-may-quay-khac/c28828,
3689,Camera IP,5121,camera-ip,/camera-ip/c5121,
560,Camera Quan Sát Analog,5123,camera-quan-sat-analog,/camera-quan-sat-analog/c5123,
613,Đầu Ghi Hình Camera,5124,dau-ghi-hinh-camera,/dau-ghi-hinh-camera/c5124,
325,Hệ Thống Camera Giám Sát,28832,he-thong-camera-giam-sat,/he-thong-camera-giam-sat/c28832,
561,Phụ Kiện Camera Giám Sát,7912,phu-kien-camera-giam-sat,/phu-kien-camera-giam-sat/c7912,
54,Máy Bay Camera - Drone,8048,may-bay-camera-drone,/may-bay-camera-drone/c8048,
49,Phụ Kiện Máy Bay Camera - Drone,8049,phu-kien-may-bay-camera-drone,/phu-kien-may-bay-camera-drone/c8049,
2,Linh Kiện Thay Thế Máy Bay camera - Drone,8050,linh-kien-thay-the-may-bay-camera-drone,/linh-kien-thay-the-may-bay-camera-drone/c8050,
28,Action Camera,4879,action-camera,/action-camera/c4879,
377,Phụ Kiện Camera Hành Trình,28836,phu-kien-camera-hanh-trinh,/phu-kien-camera-hanh-trinh/c28836,
579,"Camera Hành Trình Ô Tô, Xe Máy",4079,camera-hanh-trinh-o-to-xe-may,/camera-hanh-trinh-o-to-xe-may/c4079,
