level3CategoryId,level2CategoryId,level1CategoryId,categoryName
49350,27600,931,Quần yếm
4556,27548,915,Quần lót nam
4557,27548,915,Bộ đồ lót nam
5409,27562,915,Quần jogger nam
4555,27570,915,Đồ mặc nhà nam - Bộ ngắn
8343,27550,27498,Khăn - Găng tay nam
18346,18328,8322,Hộp quà - Túi quà
18332,18328,8322,Mô hình trang trí
15118,975,27498,Cài Áo
49552,27604,1703,Giày thể thao cổ thấp
49554,27604,1703,Giày thể thao cổ cao
27604,27604,1703,Giày thể thao nữ
49620,27572,1686,Giày thể thao nam cổ thấp
24218,6827,1975,Giày chạy bộ nữ
49548,8355,1703,Giày cao gót hở mũi
49588,4551,1703,Giày lười mũi nhọn
5350,8060,1846,Case Ổ Cứng- Hộp Đựng HDD Box - Dock Ổ Cứng
11605,1582,1520,Tẩy trang
24268,24258,1975,Phụ kiện leo núi khác
54672,54412,44792,"Rượu whisky, rượu mạnh"
49556,4550,1703,Giày sandals đế bằng
49634,5341,1686,Giày sandals nam quai ngang
49566,1192,1703,Giày búp bê mũi tròn
18342,18328,8322,Phụ kiện - Vật liệu trang trí
49578,984,1703,Dép quai ngang
49558,4550,1703,Giày sandals chiến binh
8728,1884,1882,Đồ dùng nhà bếp khác
1948,5250,2549,"Lắp ghép, Xếp hình"
23304,1954,1883,"Bình, ly uống cà phê và phụ kiện"
20266,1818,1801,Lens Hood
30964,6826,1975,Giày thể thao nam khác
24174,6826,1975,Giày chạy bộ nam
49622,27572,1686,Giày thể thao nam cổ cao
49632,1581,1686,Giày tây nam không dây
49594,8357,1703,Phụ kiện cho giày
8512,1778,8371,Đồng hồ business nam
8513,1778,8371,Đồng hồ thể thao nam
8511,1778,8371,"Đồng hồ thời trang, casual nam"
7449,1778,8371,Đồng hồ lộ máy
54304,54302,44792,"Rau xanh, rau tươi"
1910,7741,8322,Flashcards
3177,1954,1883,"Ly, cốc & phụ kiện ly"
18330,18328,8322,Quà tặng trang sức
15250,8374,8371,Dây chuyền
15318,8374,8371,Vòng tay
5400,975,27498,Phụ kiện cưới
5995,2223,1883,"Áo mưa, ô dù và phụ kiện đi mưa"
23056,23054,1883,Bộ đồ thờ
23078,23054,1883,"Hương, nhang"
15236,8374,8371,Nhẫn
49638,5342,1686,Dép nam đi trong nhà
49382,49372,931,Đồ lót bầu
49376,49372,931,Áo bầu
24212,6140,1975,Quần áo bóng chuyền nam
4079,28834,1801,"Camera Hành Trình Ô Tô, Xe Máy"
10089,12884,1846,Máy Hủy Tài Liệu
29010,8095,1846,Laptop Truyền Thống
28888,8074,4221,"Phụ kiện, linh kiện máy nước nóng"
54504,54500,44792,"Khăn giấy, giấy vệ sinh"
10418,10418,2549,Dinh dưỡng cho người lớn
21392,21382,17166,Đầu đọc thẻ nhớ
21440,21382,17166,Thiết bị số - Khác
28892,8074,4221,"Phụ kiện, linh kiện điện lạnh khác"
3865,3865,4221,Máy lạnh - Máy điều hòa
11968,8129,1846,Linh Kiện Máy Tính Khác
28836,28834,1801,Phụ Kiện Camera Hành Trình
4879,28834,1801,Action Camera
8054,1818,1801,"Phụ Kiện Máy Ảnh, Máy Quay Khác"
28768,1818,1801,Hộp Chụp Ảnh Sản Phẩm
28762,1818,1801,Nắp Ống Kính
8361,975,27498,Phụ kiện tóc nữ
5387,975,27498,Thắt lưng - Dây nịt nữ và phụ kiện
5403,975,27498,Khăn - Tất - Vớ nữ
5401,975,27498,Nón nữ
8225,5873,1520,Đèn xông
24170,24128,1975,Dụng cụ tập thể thao khác
24304,24294,1975,Dụng cụ câu cá khác
27598,936,931,Áo thun - Áo khoác nỉ nữ
933,1698,931,Áo thun nữ
27588,936,931,"Áo vest, blazer nữ"
49512,10382,915,Áo hoodies nam vải nỉ
27554,4546,915,Áo len dệt kim
24240,6141,1975,Quần thể thao nữ
24238,6141,1975,Áo thể thao nữ
49362,1702,931,Áo liền quần
1716,27600,931,Quần legging - tregging nữ
24198,6140,1975,Quần thể thao nam
939,27600,931,Quần shorts nữ
1701,27600,931,Quần jean nữ
879,316,8322,Sách Khoa Học - Kỹ Thuật
11939,2306,1520,Sản phẩm định hình
2340,2307,1520,Máy massage toàn thân
10809,10803,1975,Bổ sung vitamin
24182,6826,1975,Giày tennis nam
13384,11332,11312,Khóa học ngoại ngữ
49608,4559,976,Túi tote có khóa
49610,4559,976,Túi tote không khóa
49596,4558,976,Túi đeo chéo công sở
27610,27608,6000,Balo dây rút
49598,4558,976,Túi đeo chéo dạo phố
23446,2223,1883,Dụng cụ ngoài trời khác
3178,1954,1883,"Tô, chén, dĩa"
49562,4550,1703,Giày sandals xỏ ngón
4550,4550,1703,Giày sandals nữ
49560,4550,1703,Giày sandals buộc dây
49576,984,1703,Dép xỏ ngón
10383,5342,1686,Dép nam xỏ ngón
23258,1966,1883,Kệ nhà tắm
2685,1966,1883,Khăn
49580,984,1703,Dép đi trong nhà
2339,1966,1883,Phụ kiện nhà tắm khác
54328,54316,44792,Đặc sản vùng miền
26652,26568,4221,Micro Karaoke - sân khấu
1819,8214,1815,Phụ Kiện Di Động Khác
13388,11332,11312,Khóa học nghệ thuật và chủ đề khác
10523,5250,2549,Đồ chơi thủ công
23352,8313,1883,"Chăn, mền và phụ kiện"
23346,8313,1883,"Bộ ga, ra, drap"
20260,1818,1801,Dụng Cụ Vệ Sinh Máy Ảnh
24168,24128,1975,Dụng cụ hít đất
24284,8428,1975,La bàn
54400,54398,44792,"Thịt hộp, cá hộp"
54406,54398,44792,"Đồ bổ dưỡng, hữu cơ"
54410,54398,44792,"Đồ hộp, đóng gói khác"
54404,54398,44792,"Mật ong, mứt, cốt dừa"
54402,54398,44792,"Rau củ, trái cây hộp"
54408,54398,44792,"Đồ ăn kiêng, thể thao"
44828,44824,44792,Trái Cây Nhập Khẩu
49604,4561,976,Ví ngắn
49600,4560,976,Túi xách to bản
7566,8387,6000,Túi trống
49602,4560,976,Túi xách vừa và nhỏ
49510,10382,915,Áo hoodies nam vải da cá
8264,18328,8322,Album - Khung Hình
3864,3864,4221,Máy rửa chén
54480,54474,44792,"Gel tạo kiểu, nhuộm tóc"
49648,8338,1686,Phụ kiện cho giày nam
28890,8074,4221,"Phụ kiện, linh kiện máy giặt"
11325,11322,11312,Salon làm đẹp
25000,21268,17166,Thiết bị nhà cửa khác
54458,54452,44792,"Củ quả sấy, mứt, ô mai"
20170,8215,1815,DAC và Amplifier Di Động
8094,8093,1846,Máy Tính All in one
23778,1973,1883,Decal & giấy dán kính
3710,1973,1883,Decal & giấy dán tường
18344,18328,8322,Quà tặng trang trí khác
4560,4560,976,Túi xách tay nữ
6541,18328,8322,Thiệp - Bưu ảnh
54340,54330,44792,"Kem cây, kem hộp"
10384,5342,1686,Dép nam quai ngang
1008,1008,1703,Giày Đế xuồng nữ 
6570,8339,2549,Bánh ăn dặm
8275,4421,4384,Bánh
2020,2015,1883,Đèn diệt côn trùng
10423,8339,2549,Vitamins
21132,21074,17166,Thiết bị mạng
2025,1884,1882,Máy làm sữa đậu nành
21246,21166,17166,Đồ dùng cho người già
1637,1595,1520,Nước hoa nam
1636,1595,1520,Nước hoa nữ
28816,28814,1801,Đèn Chiếu Sáng Studio
23238,2015,1883,Đèn trần
11884,8597,8594,Xe côn tay
49726,27542,8371,Dụng cụ sửa đồng hồ
49728,27542,8371,Pin đồng hồ
49722,27542,8371,Dây đồng hồ
49724,27542,8371,Hộp đựng đồng hồ
11923,2307,1520,Túi chườm
44826,44824,44792,Trái Cây Nội Địa
28812,2757,1801,Ống Kính Máy Ảnh
21286,21268,17166,Nội thất
11894,8431,8594,Xe đạp thông dụng
7239,1884,1882,Máy làm tỏi đen
28826,28822,1801,Micro Cho Máy Quay
7,320,8322,Children's Books
24308,24306,1975,Thiết bị điện tử thể thao
28804,28794,1801,"Phụ Kiện Ống Kính, Ống Ngắm"
8602,5873,1520,Tinh dầu
7074,26568,4221,"Android TV Box, Smart Box"
1831,28670,1815,Bàn Di Chuột - Miếng Lót Chuột
28688,28670,1815,Bút Trình Chiếu
4880,28670,1815,Webcam Máy Tính
11878,8597,8594,Xe tay ga
2552,2551,2549,Tã dán
49572,981,1703,Giày boots nữ cổ cao
49570,981,1703,Giày boots nữ cổ ngắn
1899,7741,8322,Sổ Tay Các Loại
18334,18328,8322,Sticker - Decal trang trí
27584,941,931,Đầm suông
958,958,27616,Túi đeo chéo nam
5337,5337,27616,Túi xách công sở nam
1583,1582,1520,Sữa rửa mặt
6522,27608,6000,Balo nữ
935,1698,931,Áo kiểu
8305,2307,1520,Khẩu trang y tế
8170,2307,1520,Cân sức khỏe
8171,2307,1520,Nhiệt kế
11925,2307,1520,Máy xông mũi họng
8172,2307,1520,Thiết bị khác
2342,2307,1520,Thiết Bị Y Tế
11929,2307,1520,Dụng cụ sơ cứu
11931,2307,1520,Vớ ngăn giãn tĩnh mạch
1633,2307,1520,Băng keo cá nhân
11921,2307,1520,Que thử thai
2162,2307,1520,Chăm sóc mắt
21372,21356,17166,Thể thao dưới nước
37630,8595,8594,Phiếu mua xe ô tô từ 200 triệu trở lên
8342,27550,27498,Găng tay nam
8458,24306,1975,Thiết bị sơ cứu
54352,54344,44792,"Pizza, mì, cơm đông lạnh"
54354,54344,44792,"Chả giò, cá, gà viên"
54356,54344,44792,"Bánh bao, há cảo, mandu"
54348,54344,44792,Rau củ quả đông lạnh
54346,54344,44792,"Thịt, hải sản đông lạnh"
54350,54344,44792,"Xúc xích, pate, giò chả"
54360,54344,44792,Gói nguyên liệu nấu ăn
54284,54276,44792,Thịt đông lạnh
54358,54344,44792,"Sandwich, mì, cơm ăn liền"
44832,54316,44792,Đồ chế biến sẵn
7369,8093,1846,Mini PC
3879,2223,1883,Dụng cụ làm vườn
1468,316,8322,Tạp Chí - Catalogue
5483,53582,4384,Bia và Nước hoa quả lên men
8347,4554,931,Nịt bụng
21412,21382,17166,Phụ kiện âm thanh
8456,24306,1975,Túi thể thao
24200,6140,1975,Quần áo đá banh nam
20244,8214,1815,Hộp Đựng - Túi Đựng Phụ Kiện
24310,24306,1975,Đai chạy bộ
49590,8357,1703,Miếng lót giày
24292,8428,1975,Đồ dùng dã ngoại khác
6212,18328,8322,Đồng Hồ Cát
23322,1954,1883,Dụng cụ pha chế
3990,1954,1883,"Bình, ly uống trà và phụ kiện"
3179,1954,1883,"Đũa, muỗng, nĩa"
2553,2551,2549,Tã quần
53350,1582,1520,Serum
49346,27600,931,Quần ống rộng nữ
938,27600,931,Quần tây nữ
934,1698,931,Áo sơ mi nữ
5406,5404,931,Chân váy ngắn
4408,1594,1520,Khăn giấy ướt
8300,1594,1520,Băng vệ sinh
9013,2667,1815,Tay Bấm Game - Thiết Bị Điều Khiển
6742,2667,1815,Phụ Kiện Gaming
7273,2667,1815,Ghế Gaming
12676,2667,1815,Đĩa Game
8251,2667,1815,Máy Chơi Game - Console
24398,11322,11312,Massage Body - Foot
49624,5340,1686,Giày lười vải nam
49586,4551,1703,Giày lười mũi vuông
49626,5340,1686,Giày lười da nam
17170,1582,1520,Kem và sữa dưỡng da
21418,21382,17166,Tai nghe
21390,21382,17166,"Dây sạc, Dây cáp"
21388,21382,17166,Adapter - Củ sạc
25024,21382,17166,Chuột
25026,21382,17166,Bàn phím
21384,21382,17166,Bao da - Ốp lưng
21406,21382,17166,Loa nghe nhạc
25028,21382,17166,Linh kiện điện thoại
25014,21382,17166,Microphone
21398,21382,17166,Đồ chơi công nghệ
21386,21382,17166,Màn hình & miếng dán màn hình
21396,21382,17166,Đế Tản Nhiệt Laptop
21400,21382,17166,Thiết bị Game
25022,21382,17166,Portable Amplifier
21410,21382,17166,Máy nghe nhạc
21436,21382,17166,Thiết bị mạng
21404,21382,17166,Hub USB
21414,21382,17166,Pin sạc dự phòng
21402,21382,17166,Gậy tự sướng/ Selfie
25016,21382,17166,Máy ghi âm
21420,21382,17166,Thẻ nhớ điện thoại
5407,5404,931,Chân váy dài
49290,5404,931,Chân váy chữ A
27582,941,931,Đầm Dáng Xòe
27580,941,931,Đầm dáng ôm
11882,8597,8594,Xe số
857,316,8322,Sách Văn Hóa - Địa Lý - Du Lịch
920,27562,915,Quần jeans nam
21358,21356,17166,Các môn thể thao chơi vợt
24390,11313,11312,Nhà hàng
25010,21382,17166,Loa vi tính
24164,24128,1975,Dây đàn hồi tập gym
24152,24128,1975,Dây nhảy
7061,1591,1520,Bộ chăm sóc tóc
21360,21356,17166,Các môn thể thao đồng đội
28908,8129,1846,Ổ Đĩa Quang
28760,1818,1801,Gimbal
8228,1584,1520,Bộ trang điểm
17174,1582,1520,Sản phẩm chăm sóc da mặt khác
24986,20824,17166,Phụ kiện điện gia dụng
20826,20824,17166,Điện lạnh
15936,8374,8371,Bộ trang sức
15320,8374,8371,Bông tai
21274,21268,17166,Đồ dùng nhà tắm
54370,54362,44792,"Muối, hạt nêm, gia vị"
21056,21054,17166,Điện Thoại Phổ Thông
218,320,8322,Medical Books
9,320,8322,Fiction - Literature
6445,320,8322,Magazines
4454,2663,1846,Bộ Chia Mạng - Switch
49652,959,27616,Ví nam ngang
49654,959,27616,Ví nam đứng
959,959,27616,Ví nam
49606,4561,976,Ví dài
37596,8597,8594,Phiếu mua xe mô tô
17186,1594,1520,Sản phẩm chăm sóc cá nhân khác
7912,4077,1801,Phụ Kiện Camera Giám Sát
21248,21166,17166,"Tã, Bỉm cho bé"
8390,6526,6000,Phụ kiện vali
8344,4554,931,Bộ đồ lót nữ
24248,6141,1975,Quần áo tennis nữ
24196,6140,1975,Áo thể thao nam
8206,1582,1520,Tẩy tế bào chết
8265,18328,8322,Móc Khóa - Phụ Kiện Trang Trí
49584,4551,1703,Giày lười hở gót
8391,8387,6000,Phụ kiện du lịch khác
6525,27612,6000,Túi chống sốc
28886,8074,4221,"Phụ kiện, linh kiện máy lạnh"
28884,8074,4221,"Phụ kiện, linh kiện tủ lạnh"
49374,49372,931,Đầm bầu
24290,8428,1975,"Bếp, nồi dã ngoại"
921,27562,915,Quần kaki nam
49348,27600,931,Quần baggy nữ
54314,54302,44792,Nông sản tươi khác
49456,925,915,Áo khoác da nam
49460,925,915,Áo khoác nỉ
27552,925,915,Áo cardigan nam
27596,936,931,Áo khoác dạ nữ
49514,10382,915,Áo hoodies nam vải cotton
49354,936,931,Áo khoác chống nắng nữ
10074,10068,1883,"Kèn, Trống & Phụ kiện"
49360,936,931,Áo khoác bomber jackets
10378,917,915,Áo thun nam ba lỗ
49356,936,931,Áo khoác phao nữ
49458,925,915,Áo khoác gió
6305,1951,1883,Kệ nhà bếp
54450,54438,44792,Đồ dùng trẻ em
28914,8129,1846,Thiết Bị Streaming và Capture Cards
13380,11332,11312,Khóa học thiết kế đồ họa và video
49378,49372,931,Quần bầu
28838,8060,1846,Đĩa Trắng - Băng Cuộn
54288,54276,44792,"Trứng gà, vịt, cút"
24178,6826,1975,Giày đá bóng nam
24180,6826,1975,Giày cầu lông nam
24176,6826,1975,Giày bóng chuyền nam
24184,6826,1975,Giày bóng rổ nam
24188,6826,1975,Giày leo núi nam
24186,6826,1975,Giày bóng bàn nam
24190,6826,1975,Giày đánh golf nam
10389,1698,931,Áo crop-top
24058,24002,1975,Phóng phi tiêu
21354,21346,17166,Phụ kiện khác
21350,21346,17166,Phụ kiện xe máy
54280,54276,44792,"Thịt bò, bê"
28856,28856,1789,Máy đọc sách
1822,8214,1815,Bao Da - Ốp Lưng
21058,21054,17166,Điện Thoại Smartphone
54428,54412,44792,"Nước trái cây, thể thao"
54418,54412,44792,"Nước khoáng, nước suối"
1634,2306,1520,Dao - Máy cạo râu & Hớt tóc
8167,2306,1520,Dụng cụ làm đẹp khác
8165,2306,1520,Dụng cụ tẩy lông
11689,2306,1520,Máy hút mụn
5905,2306,1520,Máy & Dụng cụ rửa mặt 
11937,2306,1520,Máy xông da mặt
11328,11327,11312,Ca nhạc - Phim - Kịch
23118,17208,8594,"Dịch vụ bảo trì, sửa chữa"
17226,17208,8594,"Lắp đặt phụ tùng, phụ kiện"
17224,17208,8594,Lắp đặt mâm lốp
23116,17208,8594,Dịch vụ sơn xe
39752,24306,1975,Vớ thể thao
2269,27570,915,Đồ mặc nhà nam - Bộ dài
4452,1974,1883,Bảo hộ lao động
54432,54430,44792,"Đồ chay khô, đóng hộp"
54434,54430,44792,Đồ chay đông lạnh
54436,54430,44792,"Mì chay, gia vị chay"
10381,925,915,Áo khoác phao nam
925,925,915,Áo vest - Áo khoác nam
1601,1582,1520,Mặt nạ
1509,4554,931,Áo ngực
49644,8338,1686,Vệ sinh giày
49592,8357,1703,Vệ sinh giày
24228,6827,1975,Giày leo núi nữ
28824,28822,1801,Máy Quay Phim Chuyên Dụng
49522,49516,915,Áo gia đình
28872,26568,4221,Bộ giải mã âm thanh DAC
8351,27608,6000,Balo nam
28778,1840,1801,Túi Đựng Máy Ảnh
6521,27608,6000,Balo laptop
6523,8387,6000,"Balo du lịch, phượt"
1752,1594,1520,Dung dịch vệ sinh
23246,2015,1883,Đèn khác
23242,2015,1883,Đèn cảm ứng
23236,2015,1883,Đèn ngoài trời
49640,8337,1686,Giày boots nam cổ cao
8337,8337,1686,Giày boots nam
49642,8337,1686,Giày boots nam cổ thấp
54332,54330,44792,"Sữa tươi, sữa trái cây"
54336,54330,44792,"Sữa đặc, sữa bột"
54342,54330,44792,"Bơ, magarine"
54338,54330,44792,"Sữa chua, phô mai"
54334,54330,44792,"Sữa đậu nành, ngũ cốc"
54444,54438,44792,"Bột ăn dặm, cháo"
24166,24128,1975,Dụng cụ tập cơ tay
24132,24128,1975,Xe đạp tập
24138,24128,1975,Xà đơn
24130,24128,1975,Máy chạy bộ
24134,24128,1975,Máy rung giảm cân
24136,24128,1975,Giàn tạ đa năng
24140,24128,1975,Xà kép
24276,8428,1975,Bật lửa Zippo
54494,54474,44792,"Dao, bọt cạo râu"
20770,20766,17166,Chăm sóc thú cưng
11329,11327,11312,Vui chơi - Giải trí
11331,11327,11312,Hội thảo
11330,11327,11312,Studio - Chụp ảnh
54372,54362,44792,"Đường cát, đường phèn"
49534,49532,915,Áo nam trung niên
49536,49532,915,Quần nam trung niên
2108,1884,1882,Máy đánh trứng
2315,1884,1882,Máy làm bánh
53578,11347,4384,Hộp Quà Tặng
23948,23120,1975,Boxing
23966,23120,1975,Taekwondo
23956,23120,1975,Karatedo
23974,23120,1975,Võ cổ truyền
23970,23120,1975,Judo
23972,23120,1975,Vovinam
23952,23120,1975,Muay Thái
23958,23120,1975,Aikido
23954,23120,1975,MMA
23950,23120,1975,Kick Boxing
24318,24306,1975,Phụ kiện thể thao khác
12218,24306,1975,"Băng cổ tay, băng trán thể thao"
20808,20766,17166,Thực phẩm bổ dưỡng
6524,27612,6000,Cặp đựng laptop
11374,8370,27498,Mắt kính trẻ em
11317,11313,11312,Cafe - Kem - Bánh
2156,4227,1975,Cầu Đá - Cầu Mây
2980,4227,1975,Bóng rổ
24286,8428,1975,"Trang phục, phụ kiện chống thấm nước"
2981,4227,1975,Bóng Đá
20236,8214,1815,Túi Bảo Vệ - Túi Chống Nước
54510,54500,44792,"Hoa tươi, hoa chậu"
53576,11347,4384,Hộp Quà Tết
4345,2663,1846,Bộ Phát Wifi Di Động 3G/4G - Mifi
49582,4551,1703,Giày lười cao gót
5123,4077,1801,Camera Quan Sát Analog
28900,8129,1846,Nguồn Máy Tính
8450,8413,1975,Phao trượt
922,27562,915,Quần tây nam
24316,24306,1975,Găng tay tập gym
5674,7741,8322,Balo Học Sinh - Cặp học sinh
1685,917,915,Áo thun nam ngắn tay không cổ
1828,8060,1846,USB
5349,8060,1846,Thiết Bị Lưu Trữ Qua Mạng NAS
1827,8060,1846,Ổ Cứng Di Động
8040,8039,1815,Mắt Kính Thông Minh
25706,18328,8322,Gương mini
49444,918,915,Áo sơ mi nam cổ tàu
49384,49384,931,Thời trang trung niên
5346,941,931,Đầm dự tiệc
49364,1702,931,Bộ trang phục
49650,49650,27616,"Túi bao tử, túi đeo bụng"
54306,54302,44792,"Củ, quả, măng tươi"
54308,54302,44792,"Hành, tỏi, ớt, rau thơm"
54312,54302,44792,Combo rau củ
54310,54302,44792,"Nấm, hạt các loại"
27578,6179,931,Đồ bơi hai mảnh
27576,6179,931,Đồ bơi một mảnh
49442,6179,931,Bikini
24296,24294,1975,Cần câu
10536,5250,2549,Đồ chơi ảo thuật
8226,1592,1520,Bộ chăm sóc cơ thể
13386,11332,11312,Khóa học nuôi dạy con và kỹ năng cho bé
8277,4421,4384,Chocolate
54472,54466,44792,"Đồ cho chó mèo, thú cưng"
54468,54466,44792,"Thức ăn cho chó, mèo"
54484,54474,44792,"Trang điểm, chống nắng"
23826,1884,1882,Máy cắt thịt đông lạnh
3863,3863,4221,Máy sấy quần áo
37608,8595,8594,MPV
23678,2150,1883,Nội thất khác
28790,1840,1801,Túi Đựng Kính Viễn Vọng
11962,8129,1846,Bộ Vi Xử Lý CPU
8048,8047,1801,Máy Bay Camera - Drone
1623,1591,1520,Thuốc nhuộm tóc
11815,1591,1520,"Thuốc duỗi, uốn"
23822,1884,1882,Máy hút chân không
8314,8313,1883,Phụ kiện phòng ngủ
10419,8339,2549,Sữa công thức pha sẵn
2600,8339,2549,Sữa bột cho bé
2609,8339,2549,Trà và Thức uống cho bé
2606,8339,2549,Bột ăn dặm
6571,8339,2549,Thực phẩm chế biến sẵn
8339,8339,2549,Dinh dưỡng cho bé
6572,8339,2549,Dầu ăn cho bé
10424,8339,2549,Nước trái cây cho bé
10448,8339,2549,Bánh quy
21282,21268,17166,Sửa chữa nhà cửa
2657,8039,1815,Đồng Hồ Thông Minh
8043,8039,1815,Vòng Đeo Thông Minh - Vòng Theo Dõi Vận Động
8042,8039,1815,Thiết Bị Thực Tế Ảo VR
49636,5341,1686,Giày sandals nam quai chéo
5341,5341,1686,Giày sandals nam
3422,1582,1520,Kem chống nắng
8227,1582,1520,Bộ chăm sóc da mặt
3426,1582,1520,Sản phẩm trị mụn
2347,1582,1520,"Nước hoa hồng, toner"
3424,1582,1520,Chăm sóc vùng da mắt
5872,1582,1520,Xịt khoáng 
5893,1582,1520,Chống lão hóa da
49520,49516,915,Quần đôi
5976,1946,1882,Máy sấy quần áo
6255,12884,1846,Phần Mềm Máy Tính
20268,28794,1801,Ống Nhòm
24214,6140,1975,Quần áo bóng rổ nam
24202,6140,1975,Quần áo cầu lông nam
24204,6140,1975,Quần áo golf nam
24206,6140,1975,Quần áo tennis nam
53526,4421,4384,Khô các loại
24314,24306,1975,"Khăn đa năng, khăn thể thao"
21348,21346,17166,Phụ kiện ô tô
28764,1818,1801,Ngàm Gắn Máy Quay Trên Người
49550,8355,1703,Giày cao gót sục
21106,21074,17166,Thiết bị lưu trữ
21374,21356,17166,Thực phẩm bổ sung năng lượng
1630,8142,1520,Bao cao su
1631,8142,1520,Gel bôi trơn
23082,23054,1883,Phụ kiện thờ cúng
23058,23054,1883,"Lư trầm, bát hương, bát nhang"
23072,23054,1883,Bàn thờ
1808,28806,1801,Máy Ảnh Compact - Máy Ảnh Du Lịch
2658,28806,1801,Máy Ảnh Mirrorless
4343,2663,1846,Bộ Kích Sóng Wifi
4642,2663,1846,Phụ Kiện Thiết Bị Mạng
4346,2663,1846,Mở Rộng Mạng Qua Đường Điện - Powerline Ethernet
28894,2663,1846,Bộ Chuyển Đổi - Transceivers
7361,2663,1846,Card Mạng
28896,2663,1846,Ăng-Ten Mạng
4585,2663,1846,Modem ADSL
27566,925,915,Bộ vest nam
54318,54316,44792,"Bún, phở tươi, bánh mì"
54392,54384,44792,"Mì, bún khô, bánh tráng"
11966,8129,1846,Sound Card - Card Âm Thanh
24396,11322,11312,Chăm sóc da mặt
11323,11322,11312,Spa - Thẩm mỹ viện
24400,11322,11312,Phẫu thuật thẩm mỹ
49630,1581,1686,Giày tây nam có dây
1581,1581,1686,Giày tây nam
21060,21054,17166,Máy Tính Bảng
8082,1884,1882,Máy làm kem
8283,4422,4384,Gia vị dạng nước
27594,936,931,Áo cardigan nữ
54482,54474,44792,"Sữa rửa mặt, dưỡng da"
10380,918,915,Áo sơ mi nam tay ngắn
10379,918,915,Áo sơ mi nam tay dài
2327,1974,1883,Thang nhôm
24280,8428,1975,Túi ngủ
24300,24294,1975,Dây câu
24298,24294,1975,Lưỡi - Mồi - Phao
1728,1594,1520,Bọt cạo râu
24224,6827,1975,Giày tennis nữ
28784,1840,1801,Túi và Hộp Đựng Máy Ảnh
4604,5250,2549,Đồ chơi nhạc cụ
54488,54474,44792,"Khăn tắm, khăn mặt"
49720,27550,27498,Hình xăm
1843,1840,1801,Hộp Đựng - Tủ Chống Ẩm
28780,1840,1801,"Dây Đeo Máy Ảnh, Máy Quay, Ống Nhòm"
20270,1840,1801,"Bao Đựng Chống Sốc, Chống Nước"
28792,1840,1801,Túi Đựng Chân Đế Tripod và Monopod
28782,1840,1801,Túi và Hộp Đựng Máy Quay
28788,1840,1801,Hộp Đựng Lens
28786,1840,1801,Hộp Đựng Filter
25034,21442,17166,Phụ kiện thời trang khác
24260,24258,1975,Gậy leo núi
24266,24258,1975,Balo leo núi
24262,24258,1975,Thiết bị hỗ trợ leo dây
24264,24258,1975,Dụng cụ bảo hộ leo núi
8459,24306,1975,Bình nước thể thao
8451,24306,1975,"Dụng cụ cổ động, cổ vũ"
24312,24306,1975,"Nón, mũ thể thao"
10388,1698,931,Áo hai dây - Áo ba lỗ nữ
24222,6827,1975,Giày cầu lông nữ
20264,1818,1801,Adapter - Ngàm Chuyển
20810,20766,17166,Thực phẩm khô
7078,26568,4221,Máy radio cassette
7079,26568,4221,"Receivers, Amplifier, Mixer"
7077,26568,4221,"Đầu CD, DVD, karaoke, Blu-ray"
10808,10803,1975,Bổ sung năng lượng
4966,26568,4221,Dàn âm thanh 
54326,54316,44792,"Đậu hũ, thực phẩm khác"
21364,21356,17166,Đấm bốc & Võ thuật
1823,8214,1815,Dây Sạc - Dây Cáp
1795,1795,1789,Điện thoại Smartphone
10556,2640,2549,Đai đỡ bụng bầu
2654,2640,2549,"Đai nịt bụng, Quần tạo dáng sau sinh"
2640,2640,2549,"Chăm sóc mẹ mang thai, sau sinh"
6581,2640,2549,Phụ kiện cho mẹ
6580,2640,2549,"Máy hút sữa, Túi trữ sữa"
28916,8129,1846,KVM Switches - Switch HDMI
4601,5250,2549,Đồ chơi sơ sinh
49628,5340,1686,Giày lười nhựa nam
54380,54362,44792,Nguyên liệu làm bánh
10382,10382,915,Áo hoodie nam
54322,54316,44792,"Lạp xưởng, thịt khô, nem"
24340,10803,1975,Bổ sung vitamin và điện giải
13376,11332,11312,Khóa học vi tính văn phòng
24272,8428,1975,Dao xếp đa năng
49368,4553,931,Áo đôi
54278,54276,44792,"Thịt heo, lợn"
54282,54276,44792,"Thịt gà, vịt, chim"
54286,54276,44792,Các loại thịt khác
3449,1592,1520,Sản phẩm tẩy lông
10385,1702,931,Áo dài
2848,5250,2549,Đồ chơi gỗ
49542,8355,1703,Giày cao gót nhọn
49546,8355,1703,Giày bít mũi quai ngang
21284,21268,17166,Nhạc cụ
10571,10570,2549,Que thử thai
8274,22998,4384,Trà
24060,24002,1975,Bộ môn ném đĩa
862,316,8322,Sách Thường Thức - Gia Đình
5584,8095,1846,Laptop Gaming
23824,1884,1882,Máy hàn miệng túi
2554,2551,2549,Tã vải
28756,1818,1801,Phụ Kiện Cho Ống Kính
11839,8370,27498,Kính áp tròng
11843,8370,27498,Phụ kiện kính
4559,4559,976,Túi tote nữ
54496,54474,44792,"Bao cao su, gel bôi trơn"
4239,5015,4221,Smart Tivi - Android Tivi
6280,5015,4221,Tivi 4K
8950,5015,4221,Tivi QLED
12900,5015,4221,Tivi cao cấp
4236,5015,4221,Tivi thường (LED)
7603,5015,4221,Tivi OLED
11524,5015,4221,Internet Tivi
5333,917,915,Áo thun nam ngắn tay có cổ
917,917,915,Áo thun nam
8336,917,915,Áo thun nam dài tay
37598,8597,8594,Phiếu mua xe máy
4551,4551,1703,Giày lười nữ
49618,8352,976,Phụ kiện cài túi
54294,54290,44792,"Cá, hải sản đông lạnh"
21416,21382,17166,Sim điện thoại
12296,28670,1815,Các Loại Cáp Chuyển Đổi
8212,1592,1520,"Sữa tắm, xà bông, muối tắm"
24302,24294,1975,Máy câu
4506,5250,2549,Đồ chơi giáo dục
21172,21166,17166,Dinh dưỡng cho bé
21176,21166,17166,Đồ chơi
21174,21166,17166,Dinh dưỡng cho người lớn
21170,21166,17166,"Chăm sóc mẹ mang thai, sau sinh"
8308,1592,1520,Sản phẩm sạch khuẩn
8516,977,8371,Đồng hồ thể thao nữ
49574,981,1703,Giày boots nữ gót nhọn
21084,21074,17166,Linh kiện máy tính
21088,21074,17166,Máy chiếu
21086,21074,17166,Màn hình máy tính
21094,21074,17166,Máy in - Máy Scan
21092,21074,17166,Máy in - Máy Scan
21076,21074,17166,Laptop
6548,53620,4384,"Hạt, củ, quả khô"
5585,1946,1882,Máy hút ẩm
21272,21268,17166,Đèn & thiết bị chiếu sáng
49646,8338,1686,Miếng lót giày nam
8338,8338,1686,Phụ kiện giày nam
10416,10416,2549,Dinh dưỡng cho mẹ
1938,5250,2549,"Búp bê, Thú bông"
8435,8435,8594,Xe Scooter
20222,8214,1815,Dây Đeo và Phụ Kiện Trang Trí
20220,8214,1815,Giá Đỡ - Chân Đế - Móc Dán
54498,54474,44792,Bảo vệ sức khỏe
2662,1818,1801,"Pin - Sạc Máy Ảnh, Máy Quay"
4423,22998,4384,Cà phê
5343,27550,27498,"Tất, vớ nam"
2144,28806,1801,Máy Ảnh Lấy Liền
13374,11332,11312,Khóa học kinh doanh - marketing
54364,54362,44792,"Dầu ăn, dầu oliu"
24378,11319,11312,Sim 3G/4G - Bộ phát Wifi
5384,977,8371,Đồng hồ dây da
28776,1818,1801,Thiết Bị Phòng Tối
